trial,x_pos,y_pos
1_1.jpg,-0.1696428571428571,0.18928571428571428
1_2.jpg,-0.1696428571428571,0.18928571428571428
1_3.jpg,-0.1696428571428571,0.18928571428571428
1_4.jpg,-0.1696428571428571,0.18928571428571428
1_5.jpg,-0.1696428571428571,0.18928571428571428
1_6.jpg,-0.1696428571428571,0.18928571428571428
1_7.jpg,-0.125,0.2160714285714287
1_8.jpg,-0.0625,0.23392857142857149
1_9.jpg,-0.0535714285714286,0.2160714285714287
1_10.jpg,-0.0267857142857143,0.18035714285714288
1_11.jpg,-0.0267857142857143,0.18035714285714288
1_12.jpg,0.017857142857142794,0.17142857142857149
1_13.jpg,0.044642857142857206,0.17142857142857149
1_14.jpg,0.1517857142857142,0.24285714285714288
1_15.jpg,0.1339285714285714,0.4571428571428573
1_16.jpg,0.0714285714285714,0.4035714285714287
1_17.jpg,0.02678571428571419,0.3857142857142859
1_18.jpg,-0.017857142857142905,0.3767857142857143
1_19.jpg,-0.0357142857142857,0.3857142857142859
1_20.jpg,-0.017857142857142905,0.3857142857142859
2_1.jpg,-0.017857142857142905,0.3857142857142859
2_2.jpg,-0.017857142857142905,0.3857142857142859
2_3.jpg,0.08928571428571419,0.3678571428571429
2_4.jpg,0.0714285714285714,0.3589285714285715
2_5.jpg,-0.0535714285714286,0.3678571428571429
2_6.jpg,0.03571428571428581,0.3946428571428573
2_7.jpg,0.1071428571428572,0.3946428571428573
2_8.jpg,0.0535714285714286,0.3410714285714287
2_9.jpg,0.0535714285714286,0.2964285714285715
2_10.jpg,0.1607142857142858,0.2517857142857143
2_11.jpg,0.25,0.2160714285714287
2_12.jpg,0.2232142857142858,0.24285714285714288
2_13.jpg,0.2232142857142858,0.2517857142857143
2_14.jpg,0.2589285714285714,0.2517857142857143
2_15.jpg,0.2857142857142858,0.2607142857142859
2_16.jpg,0.375,0.23392857142857149
2_17.jpg,0.3660714285714286,0.2250000000000001
2_18.jpg,0.25,0.2250000000000001
2_19.jpg,0.125,0.24285714285714288
2_20.jpg,0.1607142857142858,0.2607142857142859
3_1.jpg,0.1964285714285714,0.2607142857142859
3_2.jpg,0.2589285714285714,0.2696428571428573
3_3.jpg,0.3125,0.2607142857142859
3_4.jpg,0.3214285714285714,0.2607142857142859
3_5.jpg,0.2946428571428572,0.2607142857142859
3_6.jpg,0.25,0.2875000000000001
3_7.jpg,0.3303571428571428,0.2964285714285715
3_8.jpg,0.1339285714285714,0.3142857142857143
3_9.jpg,-0.017857142857142905,0.3232142857142859
3_10.jpg,-0.017857142857142905,0.3232142857142859
3_11.jpg,-0.125,0.3410714285714287
3_12.jpg,-0.2410714285714286,0.3767857142857143
3_13.jpg,-0.1160714285714286,0.3767857142857143
3_14.jpg,-0.1071428571428571,0.3767857142857143
3_15.jpg,-0.2142857142857143,0.3678571428571429
3_16.jpg,-0.375,0.3589285714285715
3_17.jpg,-0.3035714285714286,0.3410714285714287
3_18.jpg,-0.0625,0.3142857142857143
3_19.jpg,0.1160714285714286,0.2964285714285715
3_20.jpg,0.02678571428571419,0.24285714285714288
4_1.jpg,0.044642857142857206,0.24285714285714288
4_2.jpg,0.2142857142857142,0.24285714285714288
4_3.jpg,0.1607142857142858,0.23392857142857149
4_4.jpg,0.0803571428571428,0.2696428571428573
4_5.jpg,0.1964285714285714,0.2517857142857143
4_6.jpg,0.1607142857142858,0.2517857142857143
4_7.jpg,0.4375,0.2071428571428573
4_8.jpg,0.5178571428571428,0.2071428571428573
4_9.jpg,0.5446428571428572,0.1982142857142859
4_10.jpg,0.4464285714285714,0.2160714285714287
4_11.jpg,0.0625,0.2785714285714287
4_12.jpg,-0.017857142857142905,0.2964285714285715
4_13.jpg,-0.0535714285714286,0.3232142857142859
4_14.jpg,-0.0267857142857143,0.3232142857142859
4_15.jpg,0.0535714285714286,0.3142857142857143
4_16.jpg,0.2232142857142858,0.2607142857142859
4_17.jpg,0.4375,0.24285714285714288
4_18.jpg,0.5625,0.2250000000000001
4_19.jpg,0.5625,0.2250000000000001
4_20.jpg,0.3214285714285714,0.3321428571428573
5_1.jpg,0.03571428571428581,0.3857142857142859
5_2.jpg,-0.0714285714285714,0.3857142857142859
5_3.jpg,-0.044642857142857095,0.3857142857142859
5_4.jpg,-0.0357142857142857,0.3678571428571429
5_5.jpg,-0.044642857142857095,0.3500000000000001
5_6.jpg,-0.044642857142857095,0.3500000000000001
5_7.jpg,-0.044642857142857095,0.3500000000000001
5_8.jpg,0.03571428571428581,0.3410714285714287
5_9.jpg,0.044642857142857206,0.3232142857142859
5_10.jpg,0.044642857142857206,0.3232142857142859
5_11.jpg,0.0714285714285714,0.3142857142857143
5_12.jpg,0.008928571428571397,0.2517857142857143
5_13.jpg,0.0,0.24285714285714288
5_14.jpg,0.0,0.24285714285714288
5_15.jpg,0.02678571428571419,0.2607142857142859
5_16.jpg,0.044642857142857206,0.2607142857142859
5_17.jpg,0.0625,0.2964285714285715
5_18.jpg,0.0803571428571428,0.3321428571428573
5_19.jpg,0.1339285714285714,0.3589285714285715
5_20.jpg,0.1517857142857142,0.3589285714285715
6_1.jpg,0.1517857142857142,0.3500000000000001
6_2.jpg,0.2053571428571428,0.3321428571428573
6_3.jpg,0.2232142857142858,0.3321428571428573
6_4.jpg,0.2232142857142858,0.3321428571428573
6_5.jpg,0.2232142857142858,0.3321428571428573
6_6.jpg,0.3214285714285714,0.3053571428571429
6_7.jpg,0.375,0.2964285714285715
6_8.jpg,0.2857142857142858,0.3053571428571429
6_9.jpg,0.2410714285714286,0.3321428571428573
6_10.jpg,0.25,0.3321428571428573
6_11.jpg,0.2410714285714286,0.3321428571428573
6_12.jpg,0.2053571428571428,0.3410714285714287
6_13.jpg,0.2321428571428572,0.3500000000000001
6_14.jpg,0.25,0.3500000000000001
6_15.jpg,0.2589285714285714,0.3500000000000001
6_16.jpg,0.2946428571428572,0.3589285714285715
6_17.jpg,0.25,0.3500000000000001
6_18.jpg,-0.1428571428571429,0.3589285714285715
6_19.jpg,-0.2589285714285714,0.3500000000000001
6_20.jpg,-0.2142857142857143,0.3500000000000001
7_1.jpg,-0.1160714285714286,0.3410714285714287
7_2.jpg,-0.0535714285714286,0.3410714285714287
7_3.jpg,-0.2857142857142857,0.3589285714285715
7_4.jpg,-0.3214285714285714,0.3589285714285715
7_5.jpg,-0.2321428571428571,0.3678571428571429
7_6.jpg,-0.0357142857142857,0.3321428571428573
7_7.jpg,0.1071428571428572,0.2607142857142859
7_8.jpg,0.0803571428571428,0.2517857142857143
7_9.jpg,0.0714285714285714,0.2517857142857143
7_10.jpg,0.0714285714285714,0.2517857142857143
7_11.jpg,0.0714285714285714,0.2517857142857143
7_12.jpg,0.3214285714285714,0.2517857142857143
7_13.jpg,0.4017857142857142,0.24285714285714288
7_14.jpg,0.3571428571428572,0.24285714285714288
7_15.jpg,0.375,0.24285714285714288
7_16.jpg,0.4821428571428572,0.24285714285714288
7_17.jpg,0.4553571428571428,0.23392857142857149
7_18.jpg,0.1071428571428572,0.2517857142857143
7_19.jpg,-0.0625,0.2607142857142859
7_20.jpg,-0.0803571428571429,0.2607142857142859
8_1.jpg,-0.008928571428571397,0.2696428571428573
8_2.jpg,0.0714285714285714,0.2607142857142859
8_3.jpg,0.2678571428571428,0.23392857142857149
8_4.jpg,0.4910714285714286,0.2071428571428573
8_5.jpg,0.5,0.2071428571428573
8_6.jpg,0.5,0.2071428571428573
8_7.jpg,0.4553571428571428,0.2250000000000001
8_8.jpg,0.044642857142857206,0.3142857142857143
8_9.jpg,-0.1160714285714286,0.3142857142857143
8_10.jpg,0.0535714285714286,0.3500000000000001
8_11.jpg,0.0,0.3410714285714287
8_12.jpg,-0.008928571428571397,0.3410714285714287
8_13.jpg,-0.008928571428571397,0.3500000000000001
8_14.jpg,-0.008928571428571397,0.3500000000000001
8_15.jpg,-0.008928571428571397,0.3500000000000001
8_16.jpg,-0.008928571428571397,0.3500000000000001
8_17.jpg,-0.008928571428571397,0.3500000000000001
8_18.jpg,-0.008928571428571397,0.3500000000000001
8_19.jpg,0.0,0.3500000000000001
8_20.jpg,0.008928571428571397,0.3500000000000001
9_1.jpg,0.044642857142857206,0.3678571428571429
9_2.jpg,0.03571428571428581,0.3589285714285715
9_3.jpg,0.03571428571428581,0.3589285714285715
9_4.jpg,0.03571428571428581,0.3589285714285715
9_5.jpg,0.03571428571428581,0.3589285714285715
9_6.jpg,0.03571428571428581,0.3589285714285715
9_7.jpg,0.1428571428571428,0.3500000000000001
9_8.jpg,0.2410714285714286,0.3321428571428573
9_9.jpg,0.2857142857142858,0.3232142857142859
9_10.jpg,0.2767857142857142,0.3142857142857143
9_11.jpg,0.1071428571428572,0.3946428571428573
9_12.jpg,0.2053571428571428,0.4035714285714287
9_13.jpg,0.2857142857142858,0.3767857142857143
9_14.jpg,0.4196428571428572,0.3321428571428573
9_15.jpg,0.4553571428571428,0.3232142857142859
9_16.jpg,0.4553571428571428,0.3232142857142859
9_17.jpg,0.2678571428571428,0.3500000000000001
9_18.jpg,-0.3928571428571429,0.4303571428571429
9_19.jpg,0.1607142857142858,0.3410714285714287
9_20.jpg,0.2857142857142858,0.3053571428571429
10_1.jpg,0.4107142857142858,0.2785714285714287
10_2.jpg,0.4285714285714286,0.2785714285714287
10_3.jpg,0.1785714285714286,0.3142857142857143
10_4.jpg,-0.1875,0.3500000000000001
10_5.jpg,-0.2053571428571429,0.3500000000000001
10_6.jpg,-0.017857142857142905,0.3321428571428573
10_7.jpg,0.375,0.2607142857142859
10_8.jpg,0.2410714285714286,0.2875000000000001
10_9.jpg,-0.4732142857142857,0.4035714285714287
10_10.jpg,-0.5803571428571428,0.4035714285714287
10_11.jpg,-0.6071428571428572,0.3946428571428573
10_12.jpg,-0.2589285714285714,0.3857142857142859
10_13.jpg,0.008928571428571397,0.3500000000000001
10_14.jpg,0.1071428571428572,0.3589285714285715
10_15.jpg,0.2589285714285714,0.3589285714285715
10_16.jpg,0.1964285714285714,0.3589285714285715
10_17.jpg,0.0,0.3410714285714287
10_18.jpg,0.0,0.3410714285714287
10_19.jpg,0.0,0.3410714285714287
10_20.jpg,0.0535714285714286,0.3321428571428573
11_1.jpg,0.3839285714285714,0.23392857142857149
11_2.jpg,0.4910714285714286,0.1982142857142859
11_3.jpg,0.5,0.1982142857142859
11_4.jpg,0.5,0.1982142857142859
11_5.jpg,0.125,0.3500000000000001
11_6.jpg,0.0625,0.3678571428571429
11_7.jpg,0.0625,0.3678571428571429
11_8.jpg,0.0625,0.3678571428571429
11_9.jpg,0.0625,0.3678571428571429
11_10.jpg,0.1339285714285714,0.3678571428571429
11_11.jpg,0.3125,0.3410714285714287
11_12.jpg,0.3839285714285714,0.3321428571428573
11_13.jpg,0.4910714285714286,0.2964285714285715
11_14.jpg,0.5625,0.2875000000000001
11_15.jpg,0.2232142857142858,0.4125000000000001
11_16.jpg,-0.0267857142857143,0.4571428571428573
11_17.jpg,-0.125,0.4839285714285715
11_18.jpg,-0.1785714285714286,0.4839285714285715
11_19.jpg,-0.0982142857142857,0.5017857142857143
11_20.jpg,0.1339285714285714,0.5017857142857143
12_1.jpg,0.1160714285714286,0.4928571428571429
12_2.jpg,-0.008928571428571397,0.4839285714285715
12_3.jpg,-0.0357142857142857,0.4839285714285715
12_4.jpg,-0.044642857142857095,0.4839285714285715
12_5.jpg,-0.1160714285714286,0.4571428571428573
12_6.jpg,-0.1339285714285714,0.4482142857142859
12_7.jpg,0.017857142857142794,0.4125000000000001
12_8.jpg,0.1785714285714286,0.3500000000000001
12_9.jpg,0.3392857142857142,0.3410714285714287
12_10.jpg,0.4821428571428572,0.3232142857142859
12_11.jpg,0.03571428571428581,0.3589285714285715
12_12.jpg,-0.0625,0.3589285714285715
12_13.jpg,0.0803571428571428,0.3500000000000001
12_14.jpg,0.2857142857142858,0.3053571428571429
12_15.jpg,0.2678571428571428,0.3053571428571429
12_16.jpg,0.3571428571428572,0.3232142857142859
12_17.jpg,0.3660714285714286,0.3232142857142859
12_18.jpg,0.4464285714285714,0.3589285714285715
12_19.jpg,0.1071428571428572,0.3053571428571429
12_20.jpg,0.1696428571428572,0.3321428571428573
13_1.jpg,0.1875,0.5017857142857143
13_2.jpg,0.0535714285714286,0.5464285714285715
13_3.jpg,0.2857142857142858,0.4928571428571429
13_4.jpg,0.5357142857142858,0.4571428571428573
13_5.jpg,0.5357142857142858,0.4660714285714287
13_6.jpg,0.017857142857142794,0.5375000000000001
13_7.jpg,-0.3303571428571429,0.5464285714285715
13_8.jpg,-0.4732142857142857,0.5285714285714287
13_9.jpg,-0.3214285714285714,0.5375000000000001
13_10.jpg,-0.125,0.5107142857142859
13_11.jpg,-0.1160714285714286,0.5017857142857143
13_12.jpg,0.1696428571428572,0.2517857142857143
13_13.jpg,-0.125,0.1446428571428573
13_14.jpg,-0.3660714285714286,-0.1767857142857141
13_15.jpg,-0.2857142857142857,-0.2660714285714285
13_16.jpg,0.2410714285714286,-0.3821428571428571
13_17.jpg,0.3125,-0.3910714285714285
13_18.jpg,-0.4285714285714286,-0.1678571428571427
13_19.jpg,-0.6875,-0.12321428571428572
13_20.jpg,0.4375,0.019642857142857295
14_1.jpg,0.5625,0.1357142857142859
14_2.jpg,0.625,0.18035714285714288
14_3.jpg,0.7410714285714286,0.4839285714285715
14_4.jpg,0.875,0.742857142857143
14_5.jpg,0.9196428571428572,0.680357142857143
14_6.jpg,0.8839285714285714,0.5553571428571429
14_7.jpg,0.8571428571428572,0.4928571428571429
14_8.jpg,0.9196428571428572,0.3857142857142859
14_9.jpg,0.9285714285714286,0.3500000000000001
14_10.jpg,0.8392857142857142,0.4035714285714287
14_11.jpg,0.5625,0.5732142857142859
14_12.jpg,0.1517857142857142,0.6714285714285715
14_13.jpg,0.017857142857142794,0.6089285714285715
14_14.jpg,0.08928571428571419,0.6000000000000001
14_15.jpg,0.044642857142857206,0.5821428571428573
14_16.jpg,-0.0625,0.5910714285714287
14_17.jpg,0.3214285714285714,0.4303571428571429
14_18.jpg,0.2589285714285714,0.4125000000000001
14_19.jpg,0.2232142857142858,0.4214285714285715
14_20.jpg,0.4910714285714286,0.3142857142857143
15_1.jpg,0.5714285714285714,0.2875000000000001
15_2.jpg,0.5714285714285714,0.2875000000000001
15_3.jpg,0.0535714285714286,0.3946428571428573
15_4.jpg,-0.1607142857142857,0.4035714285714287
15_5.jpg,0.008928571428571397,0.3500000000000001
15_6.jpg,0.02678571428571419,0.3410714285714287
15_7.jpg,0.2678571428571428,0.2964285714285715
15_8.jpg,0.3571428571428572,0.2785714285714287
15_9.jpg,0.3839285714285714,0.2785714285714287
15_10.jpg,0.4732142857142858,0.2696428571428573
15_11.jpg,0.4464285714285714,0.2875000000000001
15_12.jpg,0.2142857142857142,0.3678571428571429
15_13.jpg,0.03571428571428581,0.4125000000000001
15_14.jpg,-0.1696428571428571,0.4303571428571429
15_15.jpg,-0.2053571428571429,0.4303571428571429
15_16.jpg,-0.0982142857142857,0.4303571428571429
15_17.jpg,0.02678571428571419,0.4214285714285715
15_18.jpg,0.0625,0.3857142857142859
15_19.jpg,0.0803571428571428,0.3678571428571429
15_20.jpg,0.1607142857142858,0.3589285714285715
16_1.jpg,-0.008928571428571397,0.3767857142857143
16_2.jpg,-0.017857142857142905,0.3767857142857143
16_3.jpg,-0.008928571428571397,0.3857142857142859
16_4.jpg,0.08928571428571419,0.3589285714285715
16_5.jpg,0.008928571428571397,0.3500000000000001
16_6.jpg,0.08928571428571419,0.3678571428571429
16_7.jpg,0.2142857142857142,0.3500000000000001
16_8.jpg,-0.0625,0.3857142857142859
16_9.jpg,0.017857142857142794,0.3857142857142859
16_10.jpg,0.1785714285714286,0.3589285714285715
16_11.jpg,0.2053571428571428,0.3589285714285715
16_12.jpg,0.3214285714285714,0.3410714285714287
16_13.jpg,0.3571428571428572,0.3410714285714287
16_14.jpg,0.2410714285714286,0.3321428571428573
16_15.jpg,0.2321428571428572,0.3321428571428573
16_16.jpg,0.3125,0.3321428571428573
16_17.jpg,0.2232142857142858,0.3500000000000001
16_18.jpg,0.1875,0.3767857142857143
16_19.jpg,0.1875,0.3767857142857143
16_20.jpg,0.3125,0.4035714285714287
17_1.jpg,0.3660714285714286,0.4125000000000001
17_2.jpg,0.375,0.4125000000000001
17_3.jpg,0.3928571428571428,0.3857142857142859
17_4.jpg,0.125,0.4125000000000001
17_5.jpg,0.017857142857142794,0.4035714285714287
17_6.jpg,-0.2053571428571429,0.4214285714285715
17_7.jpg,-0.2678571428571429,0.4214285714285715
17_8.jpg,-0.3035714285714286,0.4125000000000001
17_9.jpg,-0.4375,0.4125000000000001
17_10.jpg,-0.375,0.4214285714285715
17_11.jpg,-0.0892857142857143,0.4125000000000001
17_12.jpg,0.0535714285714286,0.3946428571428573
17_13.jpg,0.1607142857142858,0.3767857142857143
17_14.jpg,0.017857142857142794,0.3946428571428573
17_15.jpg,0.008928571428571397,0.4035714285714287
17_16.jpg,0.017857142857142794,0.4035714285714287
17_17.jpg,0.08928571428571419,0.4035714285714287
17_18.jpg,0.2053571428571428,0.3946428571428573
17_19.jpg,0.4553571428571428,0.3678571428571429
17_20.jpg,0.4910714285714286,0.3589285714285715
18_1.jpg,0.5,0.3589285714285715
18_2.jpg,0.4642857142857142,0.3589285714285715
18_3.jpg,0.03571428571428581,0.3767857142857143
18_4.jpg,0.017857142857142794,0.3767857142857143
18_5.jpg,-0.2232142857142857,0.4125000000000001
18_6.jpg,0.008928571428571397,0.3946428571428573
18_7.jpg,0.3303571428571428,0.3142857142857143
18_8.jpg,0.4642857142857142,0.3053571428571429
18_9.jpg,0.5803571428571428,0.2964285714285715
18_10.jpg,0.5892857142857142,0.2785714285714287
18_11.jpg,0.2232142857142858,0.4125000000000001
18_12.jpg,-0.008928571428571397,0.4660714285714287
18_13.jpg,-0.008928571428571397,0.4750000000000001
18_14.jpg,-0.0892857142857143,0.4839285714285715
18_15.jpg,-0.0803571428571429,0.5017857142857143
18_16.jpg,-0.008928571428571397,0.5196428571428573
18_17.jpg,0.03571428571428581,0.5017857142857143
18_18.jpg,0.02678571428571419,0.5017857142857143
18_19.jpg,0.02678571428571419,0.5017857142857143
18_20.jpg,0.02678571428571419,0.5017857142857143
19_1.jpg,0.02678571428571419,0.5017857142857143
19_2.jpg,0.02678571428571419,0.5017857142857143
19_3.jpg,-0.0535714285714286,0.4839285714285715
19_4.jpg,-0.008928571428571397,0.5017857142857143
19_5.jpg,0.2410714285714286,0.4750000000000001
19_6.jpg,0.1696428571428572,0.4839285714285715
19_7.jpg,0.0714285714285714,0.4839285714285715
19_8.jpg,0.2589285714285714,0.4750000000000001
19_9.jpg,0.2946428571428572,0.4660714285714287
19_10.jpg,0.2857142857142858,0.4571428571428573
19_11.jpg,0.3125,0.4571428571428573
19_12.jpg,0.3392857142857142,0.4571428571428573
19_13.jpg,0.3303571428571428,0.4571428571428573
19_14.jpg,0.1428571428571428,0.5017857142857143
19_15.jpg,0.2321428571428572,0.5285714285714287
19_16.jpg,0.3571428571428572,0.5375000000000001
19_17.jpg,0.3482142857142858,0.5821428571428573
19_18.jpg,0.3482142857142858,0.5821428571428573
19_19.jpg,0.1696428571428572,0.5642857142857143
19_20.jpg,0.017857142857142794,0.5642857142857143
20_1.jpg,-0.0892857142857143,0.5553571428571429
20_2.jpg,-0.375,0.5464285714285715
20_3.jpg,-0.4196428571428571,0.5553571428571429
20_4.jpg,-0.4107142857142857,0.5553571428571429
20_5.jpg,-0.3928571428571429,0.5642857142857143
20_6.jpg,-0.0982142857142857,0.5553571428571429
20_7.jpg,0.2678571428571428,0.4750000000000001
20_8.jpg,0.2678571428571428,0.4750000000000001
20_9.jpg,0.1428571428571428,0.4839285714285715
20_10.jpg,0.008928571428571397,0.5107142857142859
20_11.jpg,0.017857142857142794,0.5107142857142859
20_12.jpg,0.2142857142857142,0.4750000000000001
20_13.jpg,0.3928571428571428,0.4392857142857143
20_14.jpg,0.5089285714285714,0.4125000000000001
20_15.jpg,0.6071428571428572,0.3946428571428573
20_16.jpg,0.3214285714285714,0.4750000000000001
20_17.jpg,0.2321428571428572,0.5196428571428573
20_18.jpg,0.02678571428571419,0.5732142857142859
20_19.jpg,-0.008928571428571397,0.5732142857142859
20_20.jpg,0.2232142857142858,0.5017857142857143
21_1.jpg,0.4196428571428572,0.4482142857142859
21_2.jpg,0.4732142857142858,0.4303571428571429
21_3.jpg,0.2946428571428572,0.5017857142857143
21_4.jpg,0.0803571428571428,0.5642857142857143
21_5.jpg,-0.0714285714285714,0.5821428571428573
21_6.jpg,-0.0892857142857143,0.5821428571428573
21_7.jpg,0.008928571428571397,0.5821428571428573
21_8.jpg,-0.017857142857142905,0.5732142857142859
21_9.jpg,-0.0267857142857143,0.5732142857142859
21_10.jpg,0.02678571428571419,0.5821428571428573
21_11.jpg,0.017857142857142794,0.5732142857142859
21_12.jpg,0.02678571428571419,0.4571428571428573
21_13.jpg,0.08928571428571419,0.3410714285714287
21_14.jpg,0.09821428571428581,0.3500000000000001
21_15.jpg,0.1428571428571428,0.2875000000000001
21_16.jpg,0.125,0.2696428571428573
21_17.jpg,0.1964285714285714,0.3767857142857143
21_18.jpg,0.1964285714285714,0.4660714285714287
21_19.jpg,0.1964285714285714,0.5285714285714287
21_20.jpg,0.3392857142857142,0.5196428571428573
22_1.jpg,0.375,0.5196428571428573
22_2.jpg,0.2678571428571428,0.5375000000000001
22_3.jpg,0.2232142857142858,0.5553571428571429
22_4.jpg,0.2321428571428572,0.5553571428571429
22_5.jpg,0.3392857142857142,0.5375000000000001
22_6.jpg,0.3392857142857142,0.5375000000000001
22_7.jpg,0.3392857142857142,0.5375000000000001
22_8.jpg,0.3392857142857142,0.5375000000000001
22_9.jpg,0.1428571428571428,0.5732142857142859
22_10.jpg,-0.125,0.6267857142857144
22_11.jpg,-0.1428571428571429,0.6267857142857144
22_12.jpg,-0.2678571428571429,0.6267857142857144
22_13.jpg,-0.3928571428571429,0.6446428571428572
22_14.jpg,-0.4464285714285714,0.6535714285714287
22_15.jpg,-0.3125,0.6625000000000001
22_16.jpg,-0.1339285714285714,0.617857142857143
22_17.jpg,0.1696428571428572,0.5464285714285715
22_18.jpg,0.25,0.5375000000000001
22_19.jpg,0.3928571428571428,0.5464285714285715
22_20.jpg,0.03571428571428581,0.4839285714285715
23_1.jpg,0.1071428571428572,0.4839285714285715
23_2.jpg,0.5,0.4035714285714287
23_3.jpg,0.5267857142857142,0.4035714285714287
23_4.jpg,0.5089285714285714,0.3946428571428573
23_5.jpg,0.2946428571428572,0.4125000000000001
23_6.jpg,-0.044642857142857095,0.2250000000000001
23_7.jpg,0.008928571428571397,0.2607142857142859
23_8.jpg,0.3303571428571428,0.2071428571428573
23_9.jpg,0.044642857142857206,0.3232142857142859
23_10.jpg,0.3303571428571428,0.2607142857142859
23_11.jpg,0.4196428571428572,0.2160714285714287
23_12.jpg,0.1785714285714286,0.3589285714285715
23_13.jpg,0.2678571428571428,0.5375000000000001
23_14.jpg,0.2053571428571428,0.6625000000000001
23_15.jpg,0.0535714285714286,0.6089285714285715
23_16.jpg,0.02678571428571419,0.6089285714285715
23_17.jpg,-0.1160714285714286,0.6982142857142858
23_18.jpg,-0.125,0.6982142857142858
23_19.jpg,-0.0267857142857143,0.6982142857142858
23_20.jpg,0.0625,0.6982142857142858
24_1.jpg,0.02678571428571419,0.680357142857143
24_2.jpg,0.017857142857142794,0.6357142857142858
24_3.jpg,0.017857142857142794,0.5642857142857143
24_4.jpg,0.125,0.3053571428571429
24_5.jpg,0.2857142857142858,0.2071428571428573
24_6.jpg,0.1607142857142858,0.2785714285714287
24_7.jpg,0.017857142857142794,0.5375000000000001
24_8.jpg,0.008928571428571397,0.5464285714285715
24_9.jpg,0.1964285714285714,0.5642857142857143
24_10.jpg,0.3392857142857142,0.5464285714285715
24_11.jpg,0.3928571428571428,0.5375000000000001
24_12.jpg,0.3839285714285714,0.5285714285714287
24_13.jpg,0.3125,0.5107142857142859
24_14.jpg,0.2946428571428572,0.5107142857142859
24_15.jpg,0.2946428571428572,0.5107142857142859
24_16.jpg,0.2946428571428572,0.5107142857142859
24_17.jpg,0.2946428571428572,0.5107142857142859
24_18.jpg,0.2410714285714286,0.5375000000000001
24_19.jpg,0.02678571428571419,0.6089285714285715
24_20.jpg,0.017857142857142794,0.6000000000000001
25_1.jpg,-0.0982142857142857,0.3857142857142859
25_2.jpg,-0.1428571428571429,0.2875000000000001
25_3.jpg,-0.2767857142857143,0.3321428571428573
25_4.jpg,-0.4821428571428571,0.3946428571428573
25_5.jpg,-0.2678571428571429,0.4839285714285715
25_6.jpg,0.0714285714285714,0.5553571428571429
25_7.jpg,0.2321428571428572,0.5553571428571429
25_8.jpg,0.0803571428571428,0.5196428571428573
25_9.jpg,0.03571428571428581,0.5017857142857143
25_10.jpg,0.03571428571428581,0.4214285714285715
25_11.jpg,0.25,0.3321428571428573
25_12.jpg,0.3839285714285714,0.3053571428571429
25_13.jpg,0.3928571428571428,0.3053571428571429
25_14.jpg,0.4017857142857142,0.3053571428571429
25_15.jpg,0.4017857142857142,0.3053571428571429
25_16.jpg,0.08928571428571419,0.4660714285714287
25_17.jpg,0.03571428571428581,0.5017857142857143
25_18.jpg,0.03571428571428581,0.5017857142857143
25_19.jpg,0.03571428571428581,0.5017857142857143
25_20.jpg,0.4107142857142858,0.3946428571428573
26_1.jpg,0.4285714285714286,0.3946428571428573
26_2.jpg,0.4464285714285714,0.3946428571428573
26_3.jpg,0.4464285714285714,0.4214285714285715
26_4.jpg,0.1160714285714286,0.6982142857142858
26_5.jpg,-0.0714285714285714,0.6892857142857144
26_6.jpg,-0.0714285714285714,0.7607142857142858
26_7.jpg,0.017857142857142794,0.7250000000000001
26_8.jpg,0.0,0.6892857142857144
26_9.jpg,0.0,0.6892857142857144
26_10.jpg,0.0,0.6892857142857144
26_11.jpg,0.017857142857142794,0.6535714285714287
26_12.jpg,-0.0267857142857143,0.5821428571428573
26_13.jpg,-0.017857142857142905,0.4928571428571429
26_14.jpg,0.0714285714285714,0.3321428571428573
26_15.jpg,0.2589285714285714,0.2607142857142859
26_16.jpg,0.2678571428571428,0.2607142857142859
26_17.jpg,-0.008928571428571397,0.4839285714285715
26_18.jpg,0.0714285714285714,0.4928571428571429
26_19.jpg,0.2946428571428572,0.4303571428571429
26_20.jpg,0.1339285714285714,0.4482142857142859
27_1.jpg,0.4464285714285714,0.4035714285714287
27_2.jpg,0.4910714285714286,0.4035714285714287
27_3.jpg,0.1785714285714286,0.4928571428571429
27_4.jpg,0.3660714285714286,0.4571428571428573
27_5.jpg,0.2589285714285714,0.4482142857142859
27_6.jpg,0.2678571428571428,0.4571428571428573
27_7.jpg,0.2857142857142858,0.4660714285714287
27_8.jpg,0.2232142857142858,0.4571428571428573
27_9.jpg,0.0714285714285714,0.5017857142857143
27_10.jpg,0.1339285714285714,0.5017857142857143
27_11.jpg,-0.017857142857142905,0.5375000000000001
27_12.jpg,-0.2142857142857143,0.5553571428571429
27_13.jpg,-0.1875,0.5732142857142859
27_14.jpg,-0.1607142857142857,0.5732142857142859
27_15.jpg,-0.3660714285714286,0.5910714285714287
27_16.jpg,-0.3839285714285714,0.5910714285714287
27_17.jpg,-0.1607142857142857,0.4839285714285715
27_18.jpg,0.03571428571428581,0.4214285714285715
27_19.jpg,0.1071428571428572,0.4125000000000001
27_20.jpg,0.2142857142857142,0.3857142857142859
28_1.jpg,0.4017857142857142,0.3500000000000001
28_2.jpg,0.2321428571428572,0.3678571428571429
28_3.jpg,0.1964285714285714,0.4214285714285715
28_4.jpg,0.4375,0.3232142857142859
28_5.jpg,0.4375,0.3232142857142859
28_6.jpg,0.3125,0.3767857142857143
28_7.jpg,-0.0267857142857143,0.4839285714285715
28_8.jpg,-0.125,0.4928571428571429
28_9.jpg,0.2232142857142858,0.4214285714285715
28_10.jpg,0.2946428571428572,0.4125000000000001
28_11.jpg,0.4821428571428572,0.3410714285714287
28_12.jpg,0.5535714285714286,0.3232142857142859
28_13.jpg,0.5535714285714286,0.3232142857142859
28_14.jpg,0.0803571428571428,0.5017857142857143
28_15.jpg,-0.017857142857142905,0.5196428571428573
28_16.jpg,-0.2678571428571429,0.5553571428571429
28_17.jpg,-0.2678571428571429,0.5553571428571429
28_18.jpg,-0.0982142857142857,0.5375000000000001
28_19.jpg,0.1071428571428572,0.4660714285714287
28_20.jpg,0.125,0.4660714285714287
29_1.jpg,0.1875,0.4660714285714287
29_2.jpg,-0.0535714285714286,0.4928571428571429
29_3.jpg,-0.125,0.4928571428571429
29_4.jpg,0.02678571428571419,0.4928571428571429
29_5.jpg,0.02678571428571419,0.3500000000000001
29_6.jpg,0.1428571428571428,0.2696428571428573
29_7.jpg,0.1875,0.2696428571428573
29_8.jpg,0.1071428571428572,0.3142857142857143
29_9.jpg,0.044642857142857206,0.3142857142857143
29_10.jpg,0.044642857142857206,0.3142857142857143
29_11.jpg,0.1785714285714286,0.3321428571428573
29_12.jpg,0.3214285714285714,0.2964285714285715
29_13.jpg,0.3392857142857142,0.2964285714285715
29_14.jpg,0.3035714285714286,0.3142857142857143
29_15.jpg,0.2857142857142858,0.3410714285714287
29_16.jpg,0.2857142857142858,0.3410714285714287
29_17.jpg,0.2410714285714286,0.6446428571428572
29_18.jpg,0.2410714285714286,0.5910714285714287
29_19.jpg,0.2410714285714286,0.5910714285714287
29_20.jpg,0.2857142857142858,0.5107142857142859
30_1.jpg,0.3125,0.5017857142857143
30_2.jpg,0.3125,0.5017857142857143
30_3.jpg,0.25,0.5017857142857143
30_4.jpg,-0.017857142857142905,0.5017857142857143
30_5.jpg,-0.1071428571428571,0.5017857142857143
30_6.jpg,-0.125,0.5017857142857143
30_7.jpg,-0.3035714285714286,0.5285714285714287
30_8.jpg,-0.3214285714285714,0.5375000000000001
30_9.jpg,-0.3392857142857143,0.5285714285714287
30_10.jpg,-0.3839285714285714,0.3678571428571429
30_11.jpg,0.0714285714285714,0.2785714285714287
30_12.jpg,0.1696428571428572,0.2696428571428573
30_13.jpg,0.08928571428571419,0.3232142857142859
30_14.jpg,0.3482142857142858,0.3053571428571429
30_15.jpg,0.125,0.3410714285714287
30_16.jpg,0.08928571428571419,0.3232142857142859
30_17.jpg,0.1785714285714286,0.3053571428571429
30_18.jpg,0.3214285714285714,0.2875000000000001
30_19.jpg,0.4464285714285714,0.2607142857142859
30_20.jpg,0.4642857142857142,0.2696428571428573
31_1.jpg,0.2946428571428572,0.3500000000000001
31_2.jpg,0.1517857142857142,0.3500000000000001
31_3.jpg,-0.017857142857142905,0.3767857142857143
31_4.jpg,-0.0625,0.3857142857142859
31_5.jpg,0.0803571428571428,0.3857142857142859
31_6.jpg,0.1964285714285714,0.3500000000000001
31_7.jpg,0.3839285714285714,0.2785714285714287
31_8.jpg,0.5,0.24285714285714288
31_9.jpg,0.5267857142857142,0.24285714285714288
31_10.jpg,0.02678571428571419,0.4392857142857143
31_11.jpg,0.0625,0.5642857142857143
31_12.jpg,0.0625,0.5642857142857143
31_13.jpg,-0.044642857142857095,0.5464285714285715
31_14.jpg,-0.0267857142857143,0.5464285714285715
31_15.jpg,0.1875,0.5107142857142859
31_16.jpg,-0.017857142857142905,0.5107142857142859
31_17.jpg,-0.0535714285714286,0.4660714285714287
31_18.jpg,0.0,0.4482142857142859
31_19.jpg,0.02678571428571419,0.4125000000000001
31_20.jpg,-0.008928571428571397,0.4125000000000001
32_1.jpg,-0.0535714285714286,0.4125000000000001
32_2.jpg,0.008928571428571397,0.3142857142857143
32_3.jpg,0.0803571428571428,0.2875000000000001
32_4.jpg,0.1964285714285714,0.3053571428571429
32_5.jpg,0.3303571428571428,0.3053571428571429
32_6.jpg,0.1339285714285714,0.3767857142857143
32_7.jpg,-0.0267857142857143,0.4571428571428573
32_8.jpg,0.1607142857142858,0.4303571428571429
32_9.jpg,0.2589285714285714,0.4214285714285715
32_10.jpg,0.2678571428571428,0.4214285714285715
32_11.jpg,0.3571428571428572,0.3946428571428573
32_12.jpg,0.3571428571428572,0.3946428571428573
32_13.jpg,0.3214285714285714,0.3946428571428573
32_14.jpg,0.2142857142857142,0.4571428571428573
32_15.jpg,0.2678571428571428,0.4571428571428573
32_16.jpg,0.2946428571428572,0.4571428571428573
32_17.jpg,0.2946428571428572,0.4571428571428573
32_18.jpg,0.2857142857142858,0.4482142857142859
32_19.jpg,0.0714285714285714,0.4303571428571429
32_20.jpg,0.017857142857142794,0.3589285714285715
33_1.jpg,0.03571428571428581,0.3589285714285715
33_2.jpg,-0.0357142857142857,0.3767857142857143
33_3.jpg,-0.2232142857142857,0.4482142857142859
33_4.jpg,-0.4107142857142857,0.5017857142857143
33_5.jpg,-0.4910714285714286,0.5196428571428573
33_6.jpg,-0.2857142857142857,0.4839285714285715
33_7.jpg,-0.044642857142857095,0.4303571428571429
33_8.jpg,0.0714285714285714,0.3857142857142859
33_9.jpg,0.1785714285714286,0.3321428571428573
33_10.jpg,0.1785714285714286,0.3321428571428573
33_11.jpg,0.1071428571428572,0.3321428571428573
33_12.jpg,0.1071428571428572,0.3321428571428573
33_13.jpg,0.3035714285714286,0.2696428571428573
33_14.jpg,0.3482142857142858,0.2696428571428573
33_15.jpg,0.3660714285714286,0.2607142857142859
33_16.jpg,0.5,0.24285714285714288
33_17.jpg,0.3035714285714286,0.2785714285714287
33_18.jpg,0.1428571428571428,0.3321428571428573
33_19.jpg,0.0803571428571428,0.3410714285714287
33_20.jpg,0.0625,0.3410714285714287
34_1.jpg,-0.1428571428571429,0.4035714285714287
34_2.jpg,-0.017857142857142905,0.4035714285714287
34_3.jpg,0.3660714285714286,0.3142857142857143
34_4.jpg,0.5357142857142858,0.24285714285714288
34_5.jpg,0.5982142857142858,0.24285714285714288
34_6.jpg,0.25,0.3589285714285715
34_7.jpg,0.0803571428571428,0.3857142857142859
34_8.jpg,0.0803571428571428,0.3857142857142859
34_9.jpg,0.0803571428571428,0.3857142857142859
34_10.jpg,-0.125,0.4125000000000001
34_11.jpg,0.0,0.4125000000000001
34_12.jpg,0.0,0.4125000000000001
34_13.jpg,-0.0357142857142857,0.4035714285714287
34_14.jpg,-0.0357142857142857,0.4035714285714287
34_15.jpg,0.017857142857142794,0.4214285714285715
34_16.jpg,0.02678571428571419,0.4214285714285715
34_17.jpg,-0.008928571428571397,0.4125000000000001
34_18.jpg,0.044642857142857206,0.4214285714285715
34_19.jpg,0.0803571428571428,0.4303571428571429
34_20.jpg,0.03571428571428581,0.4125000000000001
35_1.jpg,0.1339285714285714,0.4125000000000001
35_2.jpg,0.1964285714285714,0.4035714285714287
35_3.jpg,0.09821428571428581,0.4125000000000001
35_4.jpg,0.125,0.4214285714285715
35_5.jpg,0.1607142857142858,0.4303571428571429
35_6.jpg,0.2232142857142858,0.4303571428571429
35_7.jpg,0.2767857142857142,0.4214285714285715
35_8.jpg,0.3214285714285714,0.4214285714285715
35_9.jpg,0.3214285714285714,0.4214285714285715
35_10.jpg,0.3214285714285714,0.4214285714285715
35_11.jpg,0.1785714285714286,0.4392857142857143
35_12.jpg,0.1785714285714286,0.4392857142857143
35_13.jpg,0.2410714285714286,0.5464285714285715
35_14.jpg,0.3035714285714286,0.4928571428571429
35_15.jpg,0.3482142857142858,0.4750000000000001
35_16.jpg,0.3482142857142858,0.4750000000000001
35_17.jpg,0.2946428571428572,0.4750000000000001
35_18.jpg,0.03571428571428581,0.4571428571428573
35_19.jpg,-0.1517857142857143,0.4571428571428573
35_20.jpg,-0.2678571428571429,0.4571428571428573
36_1.jpg,-0.3482142857142857,0.4214285714285715
36_2.jpg,-0.3482142857142857,0.4125000000000001
36_3.jpg,-0.2589285714285714,0.4303571428571429
36_4.jpg,-0.1785714285714286,0.3321428571428573
36_5.jpg,-0.1517857142857143,0.23392857142857149
36_6.jpg,0.044642857142857206,0.18035714285714288
36_7.jpg,0.03571428571428581,0.17142857142857149
36_8.jpg,0.2142857142857142,0.17142857142857149
36_9.jpg,0.1339285714285714,0.2160714285714287
36_10.jpg,0.1696428571428572,0.23392857142857149
36_11.jpg,0.1696428571428572,0.23392857142857149
36_12.jpg,0.2410714285714286,0.23392857142857149
36_13.jpg,0.2857142857142858,0.2250000000000001
36_14.jpg,0.4017857142857142,0.2160714285714287
36_15.jpg,0.4553571428571428,0.2160714285714287
36_16.jpg,0.3482142857142858,0.2607142857142859
36_17.jpg,0.2767857142857142,0.3678571428571429
36_18.jpg,0.1339285714285714,0.4035714285714287
36_19.jpg,0.0,0.4125000000000001
36_20.jpg,-0.0714285714285714,0.4035714285714287
37_1.jpg,-0.0714285714285714,0.4035714285714287
37_2.jpg,0.1964285714285714,0.2875000000000001
37_3.jpg,0.4017857142857142,0.1982142857142859
37_4.jpg,0.4375,0.18928571428571428
37_5.jpg,0.4642857142857142,0.18928571428571428
37_6.jpg,0.3303571428571428,0.2696428571428573
37_7.jpg,0.1428571428571428,0.4125000000000001
37_8.jpg,0.1964285714285714,0.6267857142857144
37_9.jpg,-0.044642857142857095,0.6357142857142858
37_10.jpg,-0.017857142857142905,0.5553571428571429
37_11.jpg,0.02678571428571419,0.4214285714285715
37_12.jpg,-0.0982142857142857,0.4214285714285715
37_13.jpg,-0.0625,0.4303571428571429
37_14.jpg,0.0,0.4392857142857143
37_15.jpg,-0.017857142857142905,0.4214285714285715
37_16.jpg,0.0,0.3321428571428573
37_17.jpg,0.125,0.3142857142857143
37_18.jpg,0.03571428571428581,0.2964285714285715
37_19.jpg,0.09821428571428581,0.3053571428571429
37_20.jpg,0.02678571428571419,0.3321428571428573
38_1.jpg,-0.125,0.4035714285714287
38_2.jpg,0.0714285714285714,0.3410714285714287
38_3.jpg,0.1696428571428572,0.3142857142857143
38_4.jpg,0.3392857142857142,0.24285714285714288
38_5.jpg,0.125,0.3321428571428573
38_6.jpg,0.02678571428571419,0.3678571428571429
38_7.jpg,0.2232142857142858,0.2875000000000001
38_8.jpg,0.2678571428571428,0.2785714285714287
38_9.jpg,0.3839285714285714,0.24285714285714288
38_10.jpg,0.3839285714285714,0.24285714285714288
38_11.jpg,0.2053571428571428,0.3142857142857143
38_12.jpg,0.2946428571428572,0.2875000000000001
38_13.jpg,0.25,0.3053571428571429
38_14.jpg,0.1160714285714286,0.3500000000000001
38_15.jpg,0.2767857142857142,0.2875000000000001
38_16.jpg,0.3125,0.2785714285714287
38_17.jpg,0.1160714285714286,0.3500000000000001
38_18.jpg,0.25,0.3232142857142859
38_19.jpg,0.2589285714285714,0.3142857142857143
38_20.jpg,0.2678571428571428,0.3142857142857143
39_1.jpg,-0.008928571428571397,0.3767857142857143
39_2.jpg,-0.0357142857142857,0.5821428571428573
39_3.jpg,-0.0357142857142857,0.5821428571428573
39_4.jpg,-0.1875,0.5553571428571429
39_5.jpg,-0.4017857142857143,0.5642857142857143
39_6.jpg,-0.4642857142857143,0.5642857142857143
39_7.jpg,-0.3571428571428571,0.4214285714285715
39_8.jpg,-0.2232142857142857,0.2785714285714287
39_9.jpg,0.08928571428571419,0.2071428571428573
39_10.jpg,0.1607142857142858,0.18928571428571428
39_11.jpg,0.1607142857142858,0.1982142857142859
39_12.jpg,0.09821428571428581,0.2517857142857143
39_13.jpg,0.03571428571428581,0.2696428571428573
39_14.jpg,0.1428571428571428,0.2696428571428573
39_15.jpg,0.2857142857142858,0.2964285714285715
39_16.jpg,0.375,0.2964285714285715
39_17.jpg,0.4375,0.2964285714285715
39_18.jpg,0.4464285714285714,0.2964285714285715
39_19.jpg,0.4464285714285714,0.2964285714285715
39_20.jpg,0.03571428571428581,0.4392857142857143
40_1.jpg,0.017857142857142794,0.4482142857142859
40_2.jpg,0.017857142857142794,0.4482142857142859
40_3.jpg,0.1160714285714286,0.4035714285714287
40_4.jpg,0.25,0.3589285714285715
40_5.jpg,0.3928571428571428,0.3142857142857143
40_6.jpg,0.4196428571428572,0.2964285714285715
40_7.jpg,0.4196428571428572,0.2964285714285715
40_8.jpg,0.1964285714285714,0.3589285714285715
40_9.jpg,0.125,0.3857142857142859
40_10.jpg,0.125,0.3857142857142859
40_11.jpg,-0.017857142857142905,0.4303571428571429
40_12.jpg,-0.1339285714285714,0.4660714285714287
40_13.jpg,-0.044642857142857095,0.4303571428571429
40_14.jpg,-0.0357142857142857,0.4303571428571429
40_15.jpg,0.017857142857142794,0.4125000000000001
40_16.jpg,0.017857142857142794,0.4125000000000001
40_17.jpg,0.017857142857142794,0.4125000000000001
40_18.jpg,0.1964285714285714,0.3321428571428573
40_19.jpg,0.017857142857142794,0.3500000000000001
40_20.jpg,-0.0892857142857143,0.3857142857142859
41_1.jpg,-0.044642857142857095,0.3857142857142859
41_2.jpg,-0.044642857142857095,0.2607142857142859
41_3.jpg,-0.044642857142857095,0.2607142857142859
41_4.jpg,0.1517857142857142,0.11785714285714288
41_5.jpg,0.1875,0.11785714285714288
41_6.jpg,0.1428571428571428,0.1625000000000001
41_7.jpg,0.1785714285714286,0.18035714285714288
41_8.jpg,0.2767857142857142,0.1625000000000001
41_9.jpg,0.2946428571428572,0.1625000000000001
41_10.jpg,0.2946428571428572,0.1625000000000001
41_11.jpg,0.2946428571428572,0.1625000000000001
41_12.jpg,0.2946428571428572,0.1625000000000001
41_13.jpg,0.25,0.1625000000000001
41_14.jpg,0.25,0.1625000000000001
41_15.jpg,0.1428571428571428,0.2071428571428573
41_16.jpg,0.044642857142857206,0.24285714285714288
41_17.jpg,0.2232142857142858,0.18928571428571428
41_18.jpg,0.1517857142857142,0.2160714285714287
41_19.jpg,0.2410714285714286,0.18035714285714288
41_20.jpg,0.3214285714285714,0.1625000000000001
42_1.jpg,0.4732142857142858,0.4571428571428573
42_2.jpg,0.5,0.4482142857142859
42_3.jpg,0.2857142857142858,0.4839285714285715
42_4.jpg,0.2053571428571428,0.4660714285714287
42_5.jpg,0.1160714285714286,0.4303571428571429
42_6.jpg,0.02678571428571419,0.4035714285714287
42_7.jpg,-0.1160714285714286,0.4035714285714287
42_8.jpg,-0.1428571428571429,0.4035714285714287
42_9.jpg,-0.2589285714285714,0.3857142857142859
42_10.jpg,-0.3214285714285714,0.3767857142857143
42_11.jpg,-0.3392857142857143,0.3678571428571429
42_12.jpg,-0.2053571428571429,0.3410714285714287
42_13.jpg,-0.2321428571428571,0.3321428571428573
42_14.jpg,-0.0357142857142857,0.2964285714285715
42_15.jpg,0.1517857142857142,0.1982142857142859
42_16.jpg,0.0714285714285714,0.2160714285714287
42_17.jpg,0.0714285714285714,0.2160714285714287
42_18.jpg,0.0714285714285714,0.2160714285714287
42_19.jpg,0.03571428571428581,0.2160714285714287
42_20.jpg,0.1428571428571428,0.2160714285714287
43_1.jpg,0.1607142857142858,0.2160714285714287
43_2.jpg,0.2410714285714286,0.1625000000000001
43_3.jpg,0.3660714285714286,0.09107142857142869
43_4.jpg,0.4553571428571428,0.05535714285714288
43_5.jpg,0.4910714285714286,0.05535714285714288
43_6.jpg,0.5,0.05535714285714288
43_7.jpg,0.1607142857142858,0.3142857142857143
43_8.jpg,0.1071428571428572,0.3321428571428573
43_9.jpg,0.1071428571428572,0.3321428571428573
43_10.jpg,0.0535714285714286,0.3321428571428573
43_11.jpg,0.03571428571428581,0.3321428571428573
43_12.jpg,0.03571428571428581,0.3321428571428573
43_13.jpg,0.1339285714285714,0.2964285714285715
43_14.jpg,0.3303571428571428,0.24285714285714288
43_15.jpg,0.4196428571428572,0.2071428571428573
43_16.jpg,0.4821428571428572,0.18035714285714288
43_17.jpg,0.4821428571428572,0.17142857142857149
43_18.jpg,0.1428571428571428,0.3500000000000001
43_19.jpg,0.0625,0.4035714285714287
43_20.jpg,0.1785714285714286,0.3589285714285715
44_1.jpg,-0.1696428571428571,0.5553571428571429
44_2.jpg,-0.1875,0.5732142857142859
44_3.jpg,0.0714285714285714,0.4750000000000001
44_4.jpg,0.08928571428571419,0.4660714285714287
44_5.jpg,0.1160714285714286,0.4571428571428573
44_6.jpg,0.008928571428571397,0.4750000000000001
44_7.jpg,-0.0625,0.4839285714285715
44_8.jpg,-0.0625,0.4839285714285715
44_9.jpg,-0.0625,0.4839285714285715
44_10.jpg,-0.0535714285714286,0.4660714285714287
44_11.jpg,0.017857142857142794,0.3946428571428573
44_12.jpg,0.09821428571428581,0.2964285714285715
44_13.jpg,0.09821428571428581,0.2964285714285715
44_14.jpg,0.2410714285714286,0.23392857142857149
44_15.jpg,0.0803571428571428,0.3767857142857143
44_16.jpg,0.02678571428571419,0.3946428571428573
44_17.jpg,0.1785714285714286,0.3232142857142859
44_18.jpg,0.1875,0.3053571428571429
44_19.jpg,0.3125,0.2607142857142859
44_20.jpg,0.3125,0.2607142857142859
45_1.jpg,0.2410714285714286,0.2964285714285715
45_2.jpg,0.1517857142857142,0.4125000000000001
45_3.jpg,0.3392857142857142,0.3410714285714287
45_4.jpg,0.3392857142857142,0.3410714285714287
45_5.jpg,0.3214285714285714,0.3767857142857143
45_6.jpg,0.2946428571428572,0.4214285714285715
45_7.jpg,0.2946428571428572,0.4214285714285715
45_8.jpg,0.09821428571428581,0.5017857142857143
45_9.jpg,0.2410714285714286,0.4482142857142859
45_10.jpg,0.2857142857142858,0.4303571428571429
45_11.jpg,0.1607142857142858,0.4482142857142859
45_12.jpg,0.1071428571428572,0.4482142857142859
45_13.jpg,-0.1607142857142857,0.5017857142857143
45_14.jpg,-0.2678571428571429,0.5196428571428573
45_15.jpg,-0.3571428571428571,0.5196428571428573
45_16.jpg,-0.4017857142857143,0.5285714285714287
45_17.jpg,-0.3482142857142857,0.5285714285714287
45_18.jpg,-0.1339285714285714,0.3678571428571429
45_19.jpg,0.044642857142857206,0.3678571428571429
45_20.jpg,0.0714285714285714,0.3678571428571429
46_1.jpg,0.1607142857142858,0.3321428571428573
46_2.jpg,0.25,0.3142857142857143
46_3.jpg,0.09821428571428581,0.3678571428571429
46_4.jpg,0.1071428571428572,0.3678571428571429
46_5.jpg,0.3303571428571428,0.2785714285714287
46_6.jpg,0.4732142857142858,0.2160714285714287
46_7.jpg,0.4821428571428572,0.2160714285714287
46_8.jpg,0.3035714285714286,0.3142857142857143
46_9.jpg,0.044642857142857206,0.3857142857142859
46_10.jpg,-0.008928571428571397,0.2250000000000001
46_11.jpg,-0.017857142857142905,0.2160714285714287
46_12.jpg,0.1875,0.2160714285714287
46_13.jpg,0.1875,0.24285714285714288
46_14.jpg,0.125,0.3500000000000001
46_15.jpg,0.375,0.2160714285714287
46_16.jpg,0.4821428571428572,0.17142857142857149
46_17.jpg,0.375,0.2964285714285715
46_18.jpg,0.2053571428571428,0.3767857142857143
46_19.jpg,0.1607142857142858,0.3857142857142859
46_20.jpg,0.08928571428571419,0.3589285714285715
47_1.jpg,0.02678571428571419,0.3321428571428573
47_2.jpg,-0.017857142857142905,0.3142857142857143
47_3.jpg,-0.044642857142857095,0.3142857142857143
47_4.jpg,-0.1071428571428571,0.3142857142857143
47_5.jpg,-0.0535714285714286,0.3321428571428573
47_6.jpg,-0.0892857142857143,0.3142857142857143
47_7.jpg,0.0,0.3053571428571429
47_8.jpg,0.0625,0.2785714285714287
47_9.jpg,0.044642857142857206,0.2696428571428573
47_10.jpg,0.03571428571428581,0.2517857142857143
47_11.jpg,0.017857142857142794,0.23392857142857149
47_12.jpg,0.017857142857142794,0.2160714285714287
47_13.jpg,0.017857142857142794,0.2071428571428573
47_14.jpg,0.0803571428571428,0.1982142857142859
47_15.jpg,0.1428571428571428,0.1982142857142859
47_16.jpg,0.0535714285714286,0.2250000000000001
47_17.jpg,0.017857142857142794,0.23392857142857149
47_18.jpg,0.1160714285714286,0.2160714285714287
47_19.jpg,0.125,0.2071428571428573
47_20.jpg,0.25,0.1982142857142859
48_1.jpg,0.2767857142857142,0.1982142857142859
48_2.jpg,0.2767857142857142,0.1982142857142859
48_3.jpg,0.2678571428571428,0.1982142857142859
48_4.jpg,0.25,0.1982142857142859
48_5.jpg,0.25,0.1982142857142859
48_6.jpg,0.25,0.1982142857142859
48_7.jpg,0.2410714285714286,0.2160714285714287
48_8.jpg,0.2142857142857142,0.4750000000000001
48_9.jpg,0.2142857142857142,0.4750000000000001
48_10.jpg,0.2410714285714286,0.4660714285714287
48_11.jpg,0.3571428571428572,0.4035714285714287
48_12.jpg,0.2589285714285714,0.3946428571428573
48_13.jpg,0.2142857142857142,0.2964285714285715
48_14.jpg,0.2321428571428572,0.1625000000000001
48_15.jpg,0.3125,0.12678571428571428
48_16.jpg,0.3303571428571428,0.12678571428571428
48_17.jpg,0.2321428571428572,0.17142857142857149
48_18.jpg,0.1339285714285714,0.2160714285714287
48_19.jpg,0.044642857142857206,0.2517857142857143
48_20.jpg,-0.0625,0.2517857142857143
49_1.jpg,-0.2410714285714286,0.2607142857142859
49_2.jpg,-0.2946428571428571,0.2696428571428573
49_3.jpg,-0.2946428571428571,0.2696428571428573
49_4.jpg,-0.2946428571428571,0.2785714285714287
49_5.jpg,-0.2857142857142857,0.3232142857142859
49_6.jpg,-0.2678571428571429,0.3321428571428573
49_7.jpg,-0.1875,0.4125000000000001
49_8.jpg,0.09821428571428581,0.3321428571428573
49_9.jpg,-0.1339285714285714,0.3946428571428573
49_10.jpg,-0.0625,0.3767857142857143
49_11.jpg,0.1071428571428572,0.3500000000000001
49_12.jpg,-0.008928571428571397,0.3589285714285715
49_13.jpg,0.0714285714285714,0.3500000000000001
49_14.jpg,0.0714285714285714,0.3500000000000001
49_15.jpg,0.0714285714285714,0.3500000000000001
49_16.jpg,0.2767857142857142,0.3232142857142859
49_17.jpg,0.3392857142857142,0.2964285714285715
49_18.jpg,0.375,0.2875000000000001
49_19.jpg,0.5178571428571428,0.23392857142857149
49_20.jpg,0.5178571428571428,0.23392857142857149
50_1.jpg,0.2321428571428572,0.2964285714285715
50_2.jpg,0.1875,0.3142857142857143
50_3.jpg,0.017857142857142794,0.3767857142857143
50_4.jpg,-0.0625,0.4035714285714287
50_5.jpg,0.017857142857142794,0.3857142857142859
50_6.jpg,0.08928571428571419,0.3589285714285715
50_7.jpg,0.2767857142857142,0.2964285714285715
50_8.jpg,0.4375,0.23392857142857149
50_9.jpg,0.4464285714285714,0.2250000000000001
50_10.jpg,0.4464285714285714,0.2250000000000001
50_11.jpg,0.1339285714285714,0.3589285714285715
50_12.jpg,0.0803571428571428,0.3857142857142859
50_13.jpg,0.0535714285714286,0.3857142857142859
50_14.jpg,-0.0267857142857143,0.3946428571428573
50_15.jpg,-0.0625,0.4035714285714287
50_16.jpg,0.0,0.4303571428571429
50_17.jpg,-0.017857142857142905,0.4125000000000001
50_18.jpg,-0.0267857142857143,0.3946428571428573
50_19.jpg,0.1071428571428572,0.4482142857142859
50_20.jpg,0.0625,0.4392857142857143
51_1.jpg,0.03571428571428581,0.4392857142857143
51_2.jpg,0.008928571428571397,0.4392857142857143
51_3.jpg,-0.1160714285714286,0.4482142857142859
51_4.jpg,-0.0267857142857143,0.3142857142857143
51_5.jpg,0.0535714285714286,0.1982142857142859
51_6.jpg,0.0535714285714286,0.1535714285714287
51_7.jpg,0.2053571428571428,0.12678571428571428
51_8.jpg,0.09821428571428581,0.2607142857142859
51_9.jpg,0.09821428571428581,0.3053571428571429
51_10.jpg,0.25,0.3142857142857143
51_11.jpg,0.2678571428571428,0.3142857142857143
51_12.jpg,0.2767857142857142,0.3142857142857143
51_13.jpg,0.2232142857142858,0.3321428571428573
51_14.jpg,0.2767857142857142,0.3321428571428573
51_15.jpg,0.2767857142857142,0.3321428571428573
51_16.jpg,0.2767857142857142,0.3321428571428573
51_17.jpg,0.2767857142857142,0.3321428571428573
51_18.jpg,0.2767857142857142,0.3321428571428573
51_19.jpg,0.3392857142857142,0.4482142857142859
51_20.jpg,0.3571428571428572,0.5196428571428573
52_1.jpg,0.3303571428571428,0.5017857142857143
52_2.jpg,0.1517857142857142,0.4214285714285715
52_3.jpg,0.1517857142857142,0.2607142857142859
52_4.jpg,0.0625,0.18035714285714288
52_5.jpg,0.017857142857142794,0.11785714285714288
52_6.jpg,-0.044642857142857095,0.06428571428571428
52_7.jpg,-0.1339285714285714,0.11785714285714288
52_8.jpg,-0.2410714285714286,0.1357142857142859
52_9.jpg,-0.3125,0.17142857142857149
52_10.jpg,-0.3482142857142857,0.2160714285714287
52_11.jpg,-0.3839285714285714,0.3232142857142859
52_12.jpg,-0.1339285714285714,0.4928571428571429
52_13.jpg,0.0535714285714286,0.4571428571428573
52_14.jpg,-0.0803571428571429,0.4571428571428573
52_15.jpg,0.1339285714285714,0.4571428571428573
52_16.jpg,0.0,0.4571428571428573
52_17.jpg,0.008928571428571397,0.4482142857142859
52_18.jpg,0.1517857142857142,0.2785714285714287
52_19.jpg,0.0803571428571428,0.3410714285714287
52_20.jpg,0.1607142857142858,0.2875000000000001
53_1.jpg,0.2946428571428572,0.24285714285714288
53_2.jpg,0.4017857142857142,0.1982142857142859
53_3.jpg,0.4642857142857142,0.17142857142857149
53_4.jpg,0.4821428571428572,0.1625000000000001
53_5.jpg,0.3214285714285714,0.2517857142857143
53_6.jpg,-0.0267857142857143,0.3678571428571429
53_7.jpg,-0.008928571428571397,0.3589285714285715
53_8.jpg,0.1696428571428572,0.2875000000000001
53_9.jpg,0.1339285714285714,0.2875000000000001
53_10.jpg,0.09821428571428581,0.3053571428571429
53_11.jpg,0.1696428571428572,0.2785714285714287
53_12.jpg,0.3928571428571428,0.1982142857142859
53_13.jpg,0.4285714285714286,0.17142857142857149
53_14.jpg,0.4196428571428572,0.18035714285714288
53_15.jpg,0.2321428571428572,0.5821428571428573
53_16.jpg,0.2410714285714286,0.7071428571428572
53_17.jpg,-0.0535714285714286,0.805357142857143
53_18.jpg,-0.0714285714285714,0.805357142857143
53_19.jpg,-0.0714285714285714,0.805357142857143
53_20.jpg,-0.0267857142857143,0.8232142857142858
54_1.jpg,0.03571428571428581,0.805357142857143
54_2.jpg,0.008928571428571397,0.7875000000000001
54_3.jpg,-0.017857142857142905,0.7517857142857144
54_4.jpg,0.0,0.6535714285714287
54_5.jpg,0.008928571428571397,0.6000000000000001
54_6.jpg,-0.017857142857142905,0.2071428571428573
54_7.jpg,0.3214285714285714,0.010714285714285898
54_8.jpg,0.3303571428571428,0.010714285714285898
54_9.jpg,-0.0982142857142857,0.2071428571428573
54_10.jpg,-0.1071428571428571,0.2071428571428573
54_11.jpg,0.0625,0.18928571428571428
54_12.jpg,0.0803571428571428,0.18035714285714288
54_13.jpg,0.1785714285714286,0.1535714285714287
54_14.jpg,0.4107142857142858,0.046428571428571486
54_15.jpg,0.4821428571428572,0.028571428571428692
54_16.jpg,0.1785714285714286,0.1625000000000001
54_17.jpg,0.02678571428571419,0.23392857142857149
54_18.jpg,0.3571428571428572,0.18928571428571428
54_19.jpg,0.3660714285714286,0.18035714285714288
54_20.jpg,0.3482142857142858,0.18928571428571428
55_1.jpg,0.1696428571428572,0.2875000000000001
55_2.jpg,0.1607142857142858,0.2964285714285715
55_3.jpg,0.2767857142857142,0.2607142857142859
55_4.jpg,0.3125,0.2517857142857143
55_5.jpg,0.1785714285714286,0.2875000000000001
55_6.jpg,0.1785714285714286,0.2875000000000001
55_7.jpg,0.1785714285714286,0.2875000000000001
55_8.jpg,0.08928571428571419,0.2964285714285715
55_9.jpg,-0.0892857142857143,0.3410714285714287
55_10.jpg,-0.2142857142857143,0.3767857142857143
55_11.jpg,-0.2589285714285714,0.3767857142857143
55_12.jpg,-0.2767857142857143,0.3678571428571429
55_13.jpg,-0.25,0.3500000000000001
55_14.jpg,-0.2321428571428571,0.3500000000000001
55_15.jpg,-0.2589285714285714,0.3500000000000001
55_16.jpg,-0.1785714285714286,0.3232142857142859
55_17.jpg,-0.0892857142857143,0.2875000000000001
55_18.jpg,0.0,0.2607142857142859
55_19.jpg,0.0,0.2607142857142859
55_20.jpg,0.1071428571428572,0.2250000000000001
56_1.jpg,0.1071428571428572,0.2250000000000001
56_2.jpg,0.2232142857142858,0.1982142857142859
56_3.jpg,0.3303571428571428,0.18035714285714288
56_4.jpg,0.0714285714285714,0.3053571428571429
56_5.jpg,-0.017857142857142905,0.3410714285714287
56_6.jpg,0.2232142857142858,0.24285714285714288
56_7.jpg,0.4553571428571428,0.1446428571428573
56_8.jpg,0.4910714285714286,0.1357142857142859
56_9.jpg,0.4910714285714286,0.1357142857142859
56_10.jpg,0.2767857142857142,0.2160714285714287
56_11.jpg,0.08928571428571419,0.3053571428571429
56_12.jpg,0.08928571428571419,0.3053571428571429
56_13.jpg,0.08928571428571419,0.3053571428571429
56_14.jpg,0.08928571428571419,0.3053571428571429
56_15.jpg,0.08928571428571419,0.3053571428571429
56_16.jpg,0.08928571428571419,0.3053571428571429
56_17.jpg,0.3035714285714286,0.2160714285714287
56_18.jpg,0.4107142857142858,0.17142857142857149
56_19.jpg,0.5357142857142858,0.11785714285714288
56_20.jpg,0.5535714285714286,0.10892857142857149
57_1.jpg,0.375,0.1982142857142859
57_2.jpg,0.03571428571428581,0.3232142857142859
57_3.jpg,-0.044642857142857095,0.3500000000000001
57_4.jpg,-0.1428571428571429,0.3589285714285715
57_5.jpg,-0.2232142857142857,0.3767857142857143
57_6.jpg,-0.2232142857142857,0.3767857142857143
57_7.jpg,-0.008928571428571397,0.3589285714285715
57_8.jpg,0.0714285714285714,0.3410714285714287
57_9.jpg,0.0714285714285714,0.3410714285714287
57_10.jpg,0.08928571428571419,0.3321428571428573
57_11.jpg,0.08928571428571419,0.3321428571428573
57_12.jpg,0.0535714285714286,0.3321428571428573
57_13.jpg,0.008928571428571397,0.3410714285714287
57_14.jpg,-0.017857142857142905,0.3410714285714287
57_15.jpg,-0.008928571428571397,0.3410714285714287
57_16.jpg,-0.008928571428571397,0.3410714285714287
57_17.jpg,-0.008928571428571397,0.3410714285714287
57_18.jpg,0.017857142857142794,0.3321428571428573
57_19.jpg,0.0803571428571428,0.3232142857142859
57_20.jpg,0.0803571428571428,0.3232142857142859
58_1.jpg,0.2857142857142858,0.24285714285714288
58_2.jpg,0.3571428571428572,0.2160714285714287
58_3.jpg,0.1428571428571428,0.2875000000000001
58_4.jpg,0.1428571428571428,0.2875000000000001
58_5.jpg,0.1607142857142858,0.2875000000000001
58_6.jpg,0.1607142857142858,0.2875000000000001
58_7.jpg,0.3035714285714286,0.2607142857142859
58_8.jpg,0.3214285714285714,0.2607142857142859
58_9.jpg,0.3035714285714286,0.2607142857142859
58_10.jpg,0.3303571428571428,0.2607142857142859
58_11.jpg,0.3928571428571428,0.24285714285714288
58_12.jpg,0.2053571428571428,0.3589285714285715
58_13.jpg,0.1964285714285714,0.3678571428571429
58_14.jpg,0.2857142857142858,0.3767857142857143
58_15.jpg,0.2946428571428572,0.3767857142857143
58_16.jpg,0.1517857142857142,0.4392857142857143
58_17.jpg,0.2321428571428572,0.4482142857142859
58_18.jpg,0.1964285714285714,0.4482142857142859
58_19.jpg,0.1517857142857142,0.4392857142857143
58_20.jpg,0.0535714285714286,0.4482142857142859
59_1.jpg,-0.1785714285714286,0.4928571428571429
59_2.jpg,-0.3571428571428571,0.5107142857142859
59_3.jpg,-0.4017857142857143,0.5107142857142859
59_4.jpg,-0.4017857142857143,0.5107142857142859
59_5.jpg,-0.2321428571428571,0.5107142857142859
59_6.jpg,0.008928571428571397,0.4303571428571429
59_7.jpg,0.008928571428571397,0.4303571428571429
59_8.jpg,0.1071428571428572,0.3857142857142859
59_9.jpg,0.008928571428571397,0.3946428571428573
59_10.jpg,0.09821428571428581,0.3946428571428573
59_11.jpg,0.1785714285714286,0.3767857142857143
59_12.jpg,0.1785714285714286,0.3767857142857143
59_13.jpg,0.3482142857142858,0.3142857142857143
59_14.jpg,0.4375,0.2785714285714287
59_15.jpg,0.4375,0.2785714285714287
59_16.jpg,0.4285714285714286,0.2875000000000001
59_17.jpg,0.1071428571428572,0.4035714285714287
59_18.jpg,0.03571428571428581,0.4392857142857143
59_19.jpg,0.03571428571428581,0.4392857142857143
59_20.jpg,0.03571428571428581,0.4392857142857143
60_1.jpg,0.2946428571428572,0.3678571428571429
60_2.jpg,0.3839285714285714,0.3321428571428573
60_3.jpg,0.3839285714285714,0.3321428571428573
60_4.jpg,0.3839285714285714,0.3321428571428573
60_5.jpg,0.2410714285714286,0.3767857142857143
60_6.jpg,0.0803571428571428,0.4125000000000001
60_7.jpg,-0.0267857142857143,0.4392857142857143
60_8.jpg,-0.125,0.4571428571428573
60_9.jpg,0.08928571428571419,0.4214285714285715
60_10.jpg,0.0803571428571428,0.4214285714285715
60_11.jpg,-0.0892857142857143,0.4660714285714287
60_12.jpg,0.03571428571428581,0.4482142857142859
60_13.jpg,0.017857142857142794,0.4482142857142859
60_14.jpg,-0.0357142857142857,0.4571428571428573
60_15.jpg,0.0803571428571428,0.4660714285714287
60_16.jpg,0.03571428571428581,0.4660714285714287
60_17.jpg,0.0625,0.3767857142857143
60_18.jpg,0.1071428571428572,0.3678571428571429
60_19.jpg,0.1071428571428572,0.3678571428571429
60_20.jpg,0.1071428571428572,0.3678571428571429
61_1.jpg,0.0803571428571428,0.2785714285714287
61_2.jpg,0.1785714285714286,0.1982142857142859
61_3.jpg,0.2410714285714286,0.1982142857142859
61_4.jpg,0.1964285714285714,0.24285714285714288
61_5.jpg,0.2946428571428572,0.23392857142857149
61_6.jpg,0.2946428571428572,0.23392857142857149
61_7.jpg,0.2232142857142858,0.2607142857142859
61_8.jpg,0.2321428571428572,0.2607142857142859
61_9.jpg,0.3035714285714286,0.24285714285714288
61_10.jpg,0.2857142857142858,0.2517857142857143
61_11.jpg,0.2321428571428572,0.4125000000000001
61_12.jpg,0.2321428571428572,0.4214285714285715
61_13.jpg,0.3303571428571428,0.4750000000000001
61_14.jpg,0.3571428571428572,0.5107142857142859
61_15.jpg,0.2946428571428572,0.4214285714285715
61_16.jpg,0.1339285714285714,0.2785714285714287
61_17.jpg,0.0625,0.2696428571428573
61_18.jpg,0.008928571428571397,0.2964285714285715
61_19.jpg,-0.1785714285714286,0.3767857142857143
61_20.jpg,-0.3214285714285714,0.4214285714285715
62_1.jpg,-0.3392857142857143,0.4214285714285715
62_2.jpg,-0.4017857142857143,0.4303571428571429
62_3.jpg,-0.4107142857142857,0.4303571428571429
62_4.jpg,-0.0535714285714286,0.3500000000000001
62_5.jpg,0.1696428571428572,0.2607142857142859
62_6.jpg,0.09821428571428581,0.2696428571428573
62_7.jpg,0.008928571428571397,0.3053571428571429
62_8.jpg,-0.0267857142857143,0.3142857142857143
62_9.jpg,-0.0267857142857143,0.3142857142857143
62_10.jpg,0.02678571428571419,0.3142857142857143
62_11.jpg,0.1785714285714286,0.2875000000000001
62_12.jpg,0.3571428571428572,0.23392857142857149
62_13.jpg,0.4196428571428572,0.2071428571428573
62_14.jpg,0.4196428571428572,0.2071428571428573
62_15.jpg,0.5,0.1982142857142859
62_16.jpg,0.5,0.1982142857142859
62_17.jpg,0.1517857142857142,0.3857142857142859
62_18.jpg,0.0803571428571428,0.4125000000000001
62_19.jpg,0.0625,0.4125000000000001
62_20.jpg,-0.0625,0.4303571428571429
63_1.jpg,0.0625,0.3857142857142859
63_2.jpg,0.3214285714285714,0.2696428571428573
63_3.jpg,0.4285714285714286,0.2160714285714287
63_4.jpg,0.4821428571428572,0.2071428571428573
63_5.jpg,0.3303571428571428,0.2964285714285715
63_6.jpg,0.0803571428571428,0.3767857142857143
63_7.jpg,0.1339285714285714,0.3678571428571429
63_8.jpg,0.09821428571428581,0.3678571428571429
63_9.jpg,0.08928571428571419,0.3767857142857143
63_10.jpg,-0.0535714285714286,0.4125000000000001
63_11.jpg,-0.0803571428571429,0.4125000000000001
63_12.jpg,-0.0357142857142857,0.4035714285714287
63_13.jpg,0.03571428571428581,0.4303571428571429
63_14.jpg,0.008928571428571397,0.4214285714285715
63_15.jpg,0.008928571428571397,0.4214285714285715
63_16.jpg,0.008928571428571397,0.4214285714285715
63_17.jpg,0.008928571428571397,0.4214285714285715
63_18.jpg,0.008928571428571397,0.3767857142857143
63_19.jpg,0.09821428571428581,0.3142857142857143
63_20.jpg,0.09821428571428581,0.3142857142857143
64_1.jpg,0.0625,0.3321428571428573
64_2.jpg,0.1071428571428572,0.3410714285714287
64_3.jpg,0.0625,0.3500000000000001
64_4.jpg,0.044642857142857206,0.3500000000000001
64_5.jpg,0.1428571428571428,0.3232142857142859
64_6.jpg,0.2232142857142858,0.2964285714285715
64_7.jpg,0.2589285714285714,0.2875000000000001
64_8.jpg,0.3839285714285714,0.24285714285714288
64_9.jpg,0.4107142857142858,0.24285714285714288
64_10.jpg,0.3125,0.2696428571428573
64_11.jpg,0.3214285714285714,0.2785714285714287
64_12.jpg,0.3214285714285714,0.2785714285714287
64_13.jpg,0.1428571428571428,0.3410714285714287
64_14.jpg,0.0,0.3857142857142859
64_15.jpg,0.1160714285714286,0.3500000000000001
64_16.jpg,0.2946428571428572,0.2875000000000001
64_17.jpg,0.1964285714285714,0.3053571428571429
64_18.jpg,0.2946428571428572,0.2964285714285715
64_19.jpg,0.3035714285714286,0.2875000000000001
64_20.jpg,0.1517857142857142,0.3142857142857143
65_1.jpg,0.1964285714285714,0.3142857142857143
65_2.jpg,-0.125,0.4035714285714287
65_3.jpg,-0.0267857142857143,0.3857142857142859
65_4.jpg,-0.1607142857142857,0.4125000000000001
65_5.jpg,-0.2589285714285714,0.4482142857142859
65_6.jpg,-0.3214285714285714,0.4660714285714287
65_7.jpg,-0.4553571428571429,0.5017857142857143
65_8.jpg,-0.3214285714285714,0.4482142857142859
65_9.jpg,-0.1339285714285714,0.3678571428571429
65_10.jpg,0.1071428571428572,0.24285714285714288
65_11.jpg,0.1875,0.2250000000000001
65_12.jpg,0.1785714285714286,0.24285714285714288
65_13.jpg,0.1428571428571428,0.3142857142857143
65_14.jpg,0.0535714285714286,0.3500000000000001
65_15.jpg,0.1875,0.2875000000000001
65_16.jpg,0.25,0.2785714285714287
65_17.jpg,0.3303571428571428,0.2696428571428573
65_18.jpg,0.4553571428571428,0.23392857142857149
65_19.jpg,0.4821428571428572,0.2250000000000001
65_20.jpg,0.2857142857142858,0.2785714285714287
66_1.jpg,0.1160714285714286,0.3321428571428573
66_2.jpg,0.1071428571428572,0.3321428571428573
66_3.jpg,0.1071428571428572,0.3321428571428573
66_4.jpg,0.044642857142857206,0.3500000000000001
66_5.jpg,0.044642857142857206,0.3500000000000001
66_6.jpg,0.09821428571428581,0.3321428571428573
66_7.jpg,0.375,0.24285714285714288
66_8.jpg,0.4642857142857142,0.2071428571428573
66_9.jpg,0.4821428571428572,0.1982142857142859
66_10.jpg,0.1517857142857142,0.3500000000000001
66_11.jpg,0.1517857142857142,0.4571428571428573
66_12.jpg,0.1517857142857142,0.6982142857142858
66_13.jpg,-0.017857142857142905,0.7517857142857144
66_14.jpg,-0.0267857142857143,0.7785714285714287
66_15.jpg,0.017857142857142794,0.8767857142857144
66_16.jpg,0.017857142857142794,0.8767857142857144
66_17.jpg,-0.044642857142857095,0.8321428571428572
66_18.jpg,-0.044642857142857095,0.7250000000000001
66_19.jpg,0.0625,0.5464285714285715
66_20.jpg,0.02678571428571419,0.3946428571428573
67_1.jpg,0.1607142857142858,0.18928571428571428
67_2.jpg,0.09821428571428581,0.1535714285714287
67_3.jpg,-0.017857142857142905,0.1535714285714287
67_4.jpg,0.1339285714285714,0.11785714285714288
67_5.jpg,0.1339285714285714,0.1357142857142859
67_6.jpg,0.2142857142857142,0.1625000000000001
67_7.jpg,0.3035714285714286,0.1357142857142859
67_8.jpg,0.3392857142857142,0.1357142857142859
67_9.jpg,0.3214285714285714,0.17142857142857149
67_10.jpg,0.2142857142857142,0.3232142857142859
67_11.jpg,0.2232142857142858,0.3767857142857143
67_12.jpg,0.2321428571428572,0.3767857142857143
67_13.jpg,0.3392857142857142,0.5642857142857143
67_14.jpg,0.4107142857142858,0.7160714285714287
67_15.jpg,0.375,0.7250000000000001
67_16.jpg,0.3482142857142858,0.742857142857143
67_17.jpg,0.1071428571428572,0.8232142857142858
67_18.jpg,0.2142857142857142,0.7785714285714287
67_19.jpg,0.1607142857142858,0.6982142857142858
67_20.jpg,0.044642857142857206,0.4660714285714287
68_1.jpg,-0.2321428571428571,0.5196428571428573
68_2.jpg,-0.4642857142857143,0.5910714285714287
68_3.jpg,-0.5446428571428572,0.5464285714285715
68_4.jpg,-0.3125,0.5017857142857143
68_5.jpg,-0.1339285714285714,0.4214285714285715
68_6.jpg,0.02678571428571419,0.3500000000000001
68_7.jpg,0.1339285714285714,0.2964285714285715
68_8.jpg,0.3303571428571428,0.2785714285714287
68_9.jpg,0.1428571428571428,0.3767857142857143
68_10.jpg,0.0625,0.3589285714285715
68_11.jpg,0.2589285714285714,0.2160714285714287
68_12.jpg,0.4017857142857142,0.18035714285714288
68_13.jpg,0.375,0.18928571428571428
68_14.jpg,0.4196428571428572,0.18928571428571428
68_15.jpg,0.2053571428571428,0.3232142857142859
68_16.jpg,0.1517857142857142,0.3589285714285715
68_17.jpg,-0.0357142857142857,0.4214285714285715
68_18.jpg,-0.125,0.4571428571428573
68_19.jpg,0.0714285714285714,0.4035714285714287
68_20.jpg,0.0714285714285714,0.4035714285714287
69_1.jpg,0.4196428571428572,0.2785714285714287
69_2.jpg,0.4642857142857142,0.2517857142857143
69_3.jpg,0.4642857142857142,0.2517857142857143
69_4.jpg,0.3660714285714286,0.4482142857142859
69_5.jpg,0.1696428571428572,0.5464285714285715
69_6.jpg,-0.0357142857142857,0.617857142857143
69_7.jpg,-0.1428571428571429,0.6446428571428572
69_8.jpg,-0.0714285714285714,0.617857142857143
69_9.jpg,-0.0357142857142857,0.6000000000000001
69_10.jpg,0.0,0.5821428571428573
69_11.jpg,0.0,0.5642857142857143
69_12.jpg,0.017857142857142794,0.5464285714285715
69_13.jpg,0.0535714285714286,0.4660714285714287
69_14.jpg,0.0,0.4392857142857143
69_15.jpg,-0.0535714285714286,0.3857142857142859
69_16.jpg,-0.0267857142857143,0.2607142857142859
69_17.jpg,0.1071428571428572,0.18928571428571428
69_18.jpg,0.2589285714285714,0.1357142857142859
69_19.jpg,0.2857142857142858,0.1446428571428573
69_20.jpg,0.1875,0.23392857142857149
70_1.jpg,0.017857142857142794,0.3410714285714287
70_2.jpg,0.008928571428571397,0.3500000000000001
70_3.jpg,0.2321428571428572,0.2875000000000001
70_4.jpg,0.2589285714285714,0.2875000000000001
70_5.jpg,0.2946428571428572,0.2785714285714287
70_6.jpg,0.3482142857142858,0.2517857142857143
70_7.jpg,0.3928571428571428,0.24285714285714288
70_8.jpg,0.1785714285714286,0.3410714285714287
70_9.jpg,0.2232142857142858,0.3410714285714287
70_10.jpg,0.1964285714285714,0.3500000000000001
70_11.jpg,0.2232142857142858,0.3500000000000001
70_12.jpg,0.2946428571428572,0.3232142857142859
70_13.jpg,0.2946428571428572,0.3232142857142859
70_14.jpg,0.2946428571428572,0.3232142857142859
70_15.jpg,0.0625,0.4125000000000001
70_16.jpg,0.0,0.4303571428571429
70_17.jpg,0.0,0.4303571428571429
70_18.jpg,0.0,0.4303571428571429
70_19.jpg,0.0,0.4303571428571429
70_20.jpg,-0.1964285714285714,0.4928571428571429
71_1.jpg,-0.4196428571428571,0.5285714285714287
71_2.jpg,-0.5,0.5107142857142859
71_3.jpg,-0.2857142857142857,0.4303571428571429
71_4.jpg,-0.1160714285714286,0.3500000000000001
71_5.jpg,0.0803571428571428,0.3053571428571429
71_6.jpg,0.1875,0.2696428571428573
71_7.jpg,0.0535714285714286,0.2964285714285715
71_8.jpg,0.1517857142857142,0.2785714285714287
71_9.jpg,0.1875,0.2696428571428573
71_10.jpg,0.1785714285714286,0.2785714285714287
71_11.jpg,0.2857142857142858,0.2517857142857143
71_12.jpg,0.4107142857142858,0.18928571428571428
71_13.jpg,0.4910714285714286,0.17142857142857149
71_14.jpg,0.2767857142857142,0.2785714285714287
71_15.jpg,0.2321428571428572,0.2964285714285715
71_16.jpg,0.1875,0.3767857142857143
71_17.jpg,0.044642857142857206,0.4392857142857143
71_18.jpg,0.02678571428571419,0.4392857142857143
71_19.jpg,0.2142857142857142,0.3678571428571429
71_20.jpg,0.2232142857142858,0.3589285714285715
72_1.jpg,0.3303571428571428,0.3232142857142859
72_2.jpg,0.4464285714285714,0.2785714285714287
72_3.jpg,0.4553571428571428,0.2696428571428573
72_4.jpg,0.2321428571428572,0.3946428571428573
72_5.jpg,0.1964285714285714,0.6267857142857144
72_6.jpg,-0.0535714285714286,0.7160714285714287
72_7.jpg,-0.1160714285714286,0.680357142857143
72_8.jpg,-0.125,0.680357142857143
72_9.jpg,-0.0357142857142857,0.6357142857142858
72_10.jpg,0.044642857142857206,0.5732142857142859
72_11.jpg,0.0535714285714286,0.4660714285714287
72_12.jpg,0.0714285714285714,0.4125000000000001
72_13.jpg,0.044642857142857206,0.3410714285714287
72_14.jpg,0.017857142857142794,0.3053571428571429
72_15.jpg,-0.017857142857142905,0.2785714285714287
72_16.jpg,-0.008928571428571397,0.2785714285714287
72_17.jpg,0.017857142857142794,0.2964285714285715
72_18.jpg,0.1517857142857142,0.2607142857142859
72_19.jpg,0.2767857142857142,0.2160714285714287
72_20.jpg,0.2767857142857142,0.2160714285714287
73_1.jpg,0.1071428571428572,0.3142857142857143
73_2.jpg,0.2678571428571428,0.2875000000000001
73_3.jpg,0.2678571428571428,0.2875000000000001
73_4.jpg,0.2678571428571428,0.2875000000000001
73_5.jpg,0.2767857142857142,0.3410714285714287
73_6.jpg,0.3035714285714286,0.3589285714285715
73_7.jpg,0.3839285714285714,0.3767857142857143
73_8.jpg,0.25,0.4392857142857143
73_9.jpg,0.25,0.4392857142857143
73_10.jpg,0.25,0.4392857142857143
73_11.jpg,0.25,0.4482142857142859
73_12.jpg,0.25,0.5285714285714287
73_13.jpg,0.2053571428571428,0.680357142857143
73_14.jpg,0.044642857142857206,0.6892857142857144
73_15.jpg,-0.0714285714285714,0.680357142857143
73_16.jpg,-0.0714285714285714,0.680357142857143
73_17.jpg,-0.1875,0.680357142857143
73_18.jpg,-0.4285714285714286,0.6982142857142858
73_19.jpg,-0.4821428571428571,0.6982142857142858
73_20.jpg,-0.2232142857142857,0.5107142857142859
74_1.jpg,-0.1607142857142857,0.3232142857142859
74_2.jpg,0.1607142857142858,0.18035714285714288
74_3.jpg,0.1160714285714286,0.2250000000000001
74_4.jpg,0.2589285714285714,0.17142857142857149
74_5.jpg,0.2946428571428572,0.18035714285714288
74_6.jpg,0.1875,0.2517857142857143
74_7.jpg,0.3482142857142858,0.23392857142857149
74_8.jpg,0.3482142857142858,0.23392857142857149
74_9.jpg,0.3482142857142858,0.23392857142857149
74_10.jpg,0.3214285714285714,0.2785714285714287
74_11.jpg,0.1517857142857142,0.4571428571428573
74_12.jpg,0.1517857142857142,0.4571428571428573
74_13.jpg,0.1517857142857142,0.4571428571428573
74_14.jpg,0.0535714285714286,0.680357142857143
74_15.jpg,0.125,0.6089285714285715
74_16.jpg,0.3928571428571428,0.4750000000000001
74_17.jpg,0.4107142857142858,0.4660714285714287
74_18.jpg,0.2767857142857142,0.5285714285714287
74_19.jpg,0.1964285714285714,0.5642857142857143
74_20.jpg,0.125,0.5821428571428573
75_1.jpg,-0.0714285714285714,0.617857142857143
75_2.jpg,-0.1071428571428571,0.6357142857142858
75_3.jpg,-0.0535714285714286,0.6000000000000001
75_4.jpg,-0.044642857142857095,0.5910714285714287
75_5.jpg,0.0,0.5375000000000001
75_6.jpg,0.08928571428571419,0.4571428571428573
75_7.jpg,0.0803571428571428,0.4303571428571429
75_8.jpg,-0.008928571428571397,0.3857142857142859
75_9.jpg,0.008928571428571397,0.3142857142857143
75_10.jpg,0.02678571428571419,0.2785714285714287
75_11.jpg,0.1428571428571428,0.2785714285714287
75_12.jpg,0.1696428571428572,0.2875000000000001
75_13.jpg,0.1696428571428572,0.2875000000000001
75_14.jpg,0.1607142857142858,0.4839285714285715
75_15.jpg,0.2410714285714286,0.5464285714285715
75_16.jpg,0.3482142857142858,0.5464285714285715
75_17.jpg,0.4196428571428572,0.5107142857142859
75_18.jpg,0.4107142857142858,0.5196428571428573
75_19.jpg,0.2410714285714286,0.5910714285714287
75_20.jpg,0.2678571428571428,0.5821428571428573
76_1.jpg,0.2946428571428572,0.5732142857142859
76_2.jpg,0.2946428571428572,0.5732142857142859
76_3.jpg,0.2857142857142858,0.5732142857142859
76_4.jpg,0.2857142857142858,0.5732142857142859
76_5.jpg,0.1428571428571428,0.617857142857143
76_6.jpg,0.03571428571428581,0.6357142857142858
76_7.jpg,-0.0267857142857143,0.6357142857142858
76_8.jpg,-0.2321428571428571,0.6625000000000001
76_9.jpg,-0.4821428571428571,0.742857142857143
76_10.jpg,-0.6517857142857143,0.6357142857142858
76_11.jpg,-0.4464285714285714,0.4303571428571429
76_12.jpg,-0.2678571428571429,0.3500000000000001
76_13.jpg,0.125,0.09107142857142869
76_14.jpg,0.1071428571428572,0.12678571428571428
76_15.jpg,0.3482142857142858,0.1535714285714287
76_16.jpg,0.1339285714285714,0.24285714285714288
76_17.jpg,-0.0803571428571429,0.24285714285714288
76_18.jpg,0.2232142857142858,0.18035714285714288
76_19.jpg,0.3214285714285714,0.18035714285714288
76_20.jpg,0.2946428571428572,0.1982142857142859
77_1.jpg,0.4910714285714286,0.17142857142857149
77_2.jpg,0.5446428571428572,0.2071428571428573
77_3.jpg,0.4642857142857142,0.3946428571428573
77_4.jpg,0.1875,0.6089285714285715
77_5.jpg,-0.008928571428571397,0.6267857142857144
77_6.jpg,-0.1071428571428571,0.5642857142857143
77_7.jpg,-0.0535714285714286,0.5375000000000001
77_8.jpg,0.1428571428571428,0.4660714285714287
77_9.jpg,0.375,0.1982142857142859
77_10.jpg,0.4553571428571428,0.11785714285714288
77_11.jpg,0.5535714285714286,0.06428571428571428
77_12.jpg,0.2857142857142858,0.2785714285714287
77_13.jpg,0.03571428571428581,0.4214285714285715
77_14.jpg,-0.008928571428571397,0.5732142857142859
77_15.jpg,-0.008928571428571397,0.5821428571428573
77_16.jpg,-0.008928571428571397,0.5821428571428573
77_17.jpg,-0.008928571428571397,0.5821428571428573
77_18.jpg,-0.0267857142857143,0.5732142857142859
77_19.jpg,-0.0267857142857143,0.5732142857142859
77_20.jpg,0.0,0.5732142857142859
78_1.jpg,0.0,0.5732142857142859
78_2.jpg,0.0,0.5732142857142859
78_3.jpg,0.0,0.5732142857142859
78_4.jpg,0.0,0.5732142857142859
78_5.jpg,0.0,0.5642857142857143
78_6.jpg,0.0,0.5017857142857143
78_7.jpg,0.017857142857142794,0.3232142857142859
78_8.jpg,0.2857142857142858,0.12678571428571428
78_9.jpg,0.5,0.09107142857142869
78_10.jpg,0.4017857142857142,0.2250000000000001
78_11.jpg,0.3035714285714286,0.3857142857142859
78_12.jpg,0.08928571428571419,0.5464285714285715
78_13.jpg,0.1785714285714286,0.5285714285714287
78_14.jpg,0.0625,0.5375000000000001
78_15.jpg,0.2321428571428572,0.4839285714285715
78_16.jpg,0.2321428571428572,0.4839285714285715
78_17.jpg,0.1785714285714286,0.4928571428571429
78_18.jpg,0.25,0.4839285714285715
78_19.jpg,0.2857142857142858,0.4839285714285715
78_20.jpg,0.375,0.4482142857142859
79_1.jpg,0.375,0.4482142857142859
79_2.jpg,0.375,0.4482142857142859
79_3.jpg,0.0535714285714286,0.5375000000000001
79_4.jpg,0.0535714285714286,0.5375000000000001
79_5.jpg,-0.2321428571428571,0.6089285714285715
79_6.jpg,-0.4464285714285714,0.5821428571428573
79_7.jpg,-0.3392857142857143,0.4839285714285715
79_8.jpg,-0.2678571428571429,0.4214285714285715
79_9.jpg,-0.2053571428571429,0.4214285714285715
79_10.jpg,-0.1785714285714286,0.4125000000000001
79_11.jpg,-0.044642857142857095,0.3946428571428573
79_12.jpg,0.017857142857142794,0.3678571428571429
79_13.jpg,0.1339285714285714,0.3232142857142859
79_14.jpg,0.1964285714285714,0.3053571428571429
79_15.jpg,0.1785714285714286,0.3053571428571429
79_16.jpg,0.1160714285714286,0.3142857142857143
79_17.jpg,0.4017857142857142,0.24285714285714288
79_18.jpg,0.4107142857142858,0.24285714285714288
79_19.jpg,0.4107142857142858,0.24285714285714288
79_20.jpg,0.4107142857142858,0.24285714285714288
80_1.jpg,0.0714285714285714,0.3500000000000001
80_2.jpg,0.0714285714285714,0.3500000000000001
80_3.jpg,0.0714285714285714,0.3500000000000001
80_4.jpg,0.0714285714285714,0.3500000000000001
80_5.jpg,0.2053571428571428,0.3142857142857143
80_6.jpg,0.3660714285714286,0.2696428571428573
80_7.jpg,0.4732142857142858,0.2250000000000001
80_8.jpg,0.4821428571428572,0.2250000000000001
80_9.jpg,0.2589285714285714,0.3321428571428573
80_10.jpg,-0.1428571428571429,0.4482142857142859
80_11.jpg,-0.0535714285714286,0.4214285714285715
80_12.jpg,0.044642857142857206,0.3946428571428573
80_13.jpg,0.008928571428571397,0.4482142857142859
80_14.jpg,0.0714285714285714,0.4482142857142859
80_15.jpg,0.0714285714285714,0.4482142857142859
80_16.jpg,0.02678571428571419,0.4571428571428573
80_17.jpg,0.008928571428571397,0.4660714285714287
80_18.jpg,0.008928571428571397,0.4660714285714287
80_19.jpg,0.008928571428571397,0.4660714285714287
80_20.jpg,-0.017857142857142905,0.4660714285714287
81_1.jpg,-0.0357142857142857,0.4660714285714287
81_2.jpg,-0.0267857142857143,0.4660714285714287
81_3.jpg,0.125,0.4303571428571429
81_4.jpg,0.1964285714285714,0.4125000000000001
81_5.jpg,0.1071428571428572,0.4303571428571429
81_6.jpg,0.1071428571428572,0.4303571428571429
81_7.jpg,0.1071428571428572,0.4303571428571429
81_8.jpg,0.2232142857142858,0.4660714285714287
81_9.jpg,0.2589285714285714,0.4571428571428573
81_10.jpg,0.2589285714285714,0.4571428571428573
81_11.jpg,0.3482142857142858,0.4303571428571429
81_12.jpg,0.4196428571428572,0.4035714285714287
81_13.jpg,0.2410714285714286,0.4571428571428573
81_14.jpg,0.2410714285714286,0.4571428571428573
81_15.jpg,0.2321428571428572,0.4571428571428573
81_16.jpg,0.1607142857142858,0.5017857142857143
81_17.jpg,0.1428571428571428,0.5107142857142859
81_18.jpg,0.2321428571428572,0.4928571428571429
81_19.jpg,0.2410714285714286,0.4928571428571429
81_20.jpg,0.2767857142857142,0.4839285714285715
82_1.jpg,0.2142857142857142,0.4928571428571429
82_2.jpg,-0.0892857142857143,0.5732142857142859
82_3.jpg,-0.25,0.5553571428571429
82_4.jpg,-0.1785714285714286,0.5107142857142859
82_5.jpg,-0.3125,0.5285714285714287
82_6.jpg,-0.6160714285714286,0.5375000000000001
82_7.jpg,-0.2589285714285714,0.4303571428571429
82_8.jpg,-0.2767857142857143,0.4303571428571429
82_9.jpg,0.0714285714285714,0.3678571428571429
82_10.jpg,0.09821428571428581,0.3500000000000001
82_11.jpg,0.1875,0.3053571428571429
82_12.jpg,0.2410714285714286,0.2875000000000001
82_13.jpg,0.1785714285714286,0.3321428571428573
82_14.jpg,0.2767857142857142,0.3410714285714287
82_15.jpg,0.4107142857142858,0.3053571428571429
82_16.jpg,0.4375,0.3053571428571429
82_17.jpg,0.4464285714285714,0.3142857142857143
82_18.jpg,0.4107142857142858,0.3500000000000001
82_19.jpg,0.1607142857142858,0.4571428571428573
82_20.jpg,0.0,0.4928571428571429
83_1.jpg,-0.0535714285714286,0.5107142857142859
83_2.jpg,-0.0535714285714286,0.5107142857142859
83_3.jpg,0.1428571428571428,0.4482142857142859
83_4.jpg,0.3392857142857142,0.4035714285714287
83_5.jpg,0.4375,0.3857142857142859
83_6.jpg,0.4910714285714286,0.3678571428571429
83_7.jpg,0.4196428571428572,0.3946428571428573
83_8.jpg,0.2053571428571428,0.4839285714285715
83_9.jpg,-0.1339285714285714,0.5642857142857143
83_10.jpg,-0.1875,0.5553571428571429
83_11.jpg,-0.125,0.5285714285714287
83_12.jpg,-0.1517857142857143,0.5196428571428573
83_13.jpg,-0.044642857142857095,0.5017857142857143
83_14.jpg,0.1071428571428572,0.4750000000000001
83_15.jpg,0.1071428571428572,0.4660714285714287
83_16.jpg,0.02678571428571419,0.4750000000000001
83_17.jpg,0.02678571428571419,0.4750000000000001
83_18.jpg,0.017857142857142794,0.4750000000000001
83_19.jpg,0.017857142857142794,0.4750000000000001
83_20.jpg,0.125,0.4660714285714287
84_1.jpg,0.044642857142857206,0.5017857142857143
84_2.jpg,0.1160714285714286,0.5196428571428573
84_3.jpg,0.3035714285714286,0.4839285714285715
84_4.jpg,0.3035714285714286,0.4839285714285715
84_5.jpg,0.2857142857142858,0.4928571428571429
84_6.jpg,0.3482142857142858,0.4750000000000001
84_7.jpg,0.3482142857142858,0.4660714285714287
84_8.jpg,0.1071428571428572,0.5464285714285715
84_9.jpg,0.08928571428571419,0.5464285714285715
84_10.jpg,0.5089285714285714,0.5732142857142859
84_11.jpg,0.4107142857142858,0.5553571428571429
84_12.jpg,0.2678571428571428,0.5910714285714287
84_13.jpg,0.3214285714285714,0.5821428571428573
84_14.jpg,0.09821428571428581,0.617857142857143
84_15.jpg,-0.0714285714285714,0.6357142857142858
84_16.jpg,-0.0714285714285714,0.6357142857142858
84_17.jpg,-0.0982142857142857,0.6357142857142858
84_18.jpg,-0.3928571428571429,0.6714285714285715
84_19.jpg,-0.4910714285714286,0.6982142857142858
84_20.jpg,-0.3660714285714286,0.680357142857143
85_1.jpg,-0.2232142857142857,0.617857142857143
85_2.jpg,0.1160714285714286,0.4839285714285715
85_3.jpg,0.1160714285714286,0.4839285714285715
85_4.jpg,0.2053571428571428,0.4660714285714287
85_5.jpg,0.2410714285714286,0.4482142857142859
85_6.jpg,0.3035714285714286,0.4392857142857143
85_7.jpg,0.4553571428571428,0.3857142857142859
85_8.jpg,0.5,0.3678571428571429
85_9.jpg,0.5,0.3678571428571429
85_10.jpg,0.3571428571428572,0.4214285714285715
85_11.jpg,-0.125,0.5910714285714287
85_12.jpg,-0.1607142857142857,0.5910714285714287
85_13.jpg,-0.1428571428571429,0.5910714285714287
85_14.jpg,0.1696428571428572,0.4928571428571429
85_15.jpg,0.4285714285714286,0.4214285714285715
85_16.jpg,0.5625,0.3767857142857143
85_17.jpg,0.6160714285714286,0.3500000000000001
85_18.jpg,0.4017857142857142,0.4125000000000001
85_19.jpg,0.017857142857142794,0.5553571428571429
85_20.jpg,-0.1785714285714286,0.6089285714285715
86_1.jpg,-0.125,0.6000000000000001
86_2.jpg,-0.017857142857142905,0.5642857142857143
86_3.jpg,-0.017857142857142905,0.5642857142857143
86_4.jpg,-0.0535714285714286,0.5553571428571429
86_5.jpg,-0.044642857142857095,0.5285714285714287
86_6.jpg,0.044642857142857206,0.4750000000000001
86_7.jpg,0.0625,0.4750000000000001
86_8.jpg,0.0714285714285714,0.4750000000000001
86_9.jpg,0.0714285714285714,0.4750000000000001
86_10.jpg,0.0714285714285714,0.4750000000000001
86_11.jpg,0.09821428571428581,0.4571428571428573
86_12.jpg,0.1696428571428572,0.4303571428571429
86_13.jpg,0.1875,0.4214285714285715
86_14.jpg,0.1875,0.4214285714285715
86_15.jpg,0.2410714285714286,0.4303571428571429
86_16.jpg,0.4464285714285714,0.3946428571428573
86_17.jpg,0.3125,0.4571428571428573
86_18.jpg,0.1875,0.5107142857142859
86_19.jpg,0.3125,0.4750000000000001
86_20.jpg,0.1517857142857142,0.5285714285714287
87_1.jpg,0.25,0.4928571428571429
87_2.jpg,0.2946428571428572,0.4750000000000001
87_3.jpg,0.3482142857142858,0.4660714285714287
87_4.jpg,0.3482142857142858,0.4660714285714287
87_5.jpg,0.1428571428571428,0.5017857142857143
87_6.jpg,-0.0357142857142857,0.5464285714285715
87_7.jpg,-0.0357142857142857,0.5464285714285715
87_8.jpg,-0.2410714285714286,0.5821428571428573
87_9.jpg,-0.4107142857142857,0.6000000000000001
87_10.jpg,-0.4464285714285714,0.5732142857142859
87_11.jpg,-0.2410714285714286,0.5285714285714287
87_12.jpg,-0.0625,0.4571428571428573
87_13.jpg,0.0714285714285714,0.4125000000000001
87_14.jpg,0.1071428571428572,0.4035714285714287
87_15.jpg,0.09821428571428581,0.4035714285714287
87_16.jpg,0.09821428571428581,0.4035714285714287
87_17.jpg,0.2678571428571428,0.3589285714285715
87_18.jpg,0.375,0.3321428571428573
87_19.jpg,0.4196428571428572,0.3232142857142859
87_20.jpg,0.4285714285714286,0.3232142857142859
88_1.jpg,0.4285714285714286,0.3232142857142859
88_2.jpg,0.2321428571428572,0.3946428571428573
88_3.jpg,0.02678571428571419,0.4392857142857143
88_4.jpg,0.0,0.4392857142857143
88_5.jpg,0.0,0.4392857142857143
88_6.jpg,0.0,0.4392857142857143
88_7.jpg,0.2678571428571428,0.3767857142857143
88_8.jpg,0.4553571428571428,0.3053571428571429
88_9.jpg,0.4642857142857142,0.3053571428571429
88_10.jpg,0.3839285714285714,0.3232142857142859
88_11.jpg,0.2142857142857142,0.3946428571428573
88_12.jpg,-0.008928571428571397,0.4839285714285715
88_13.jpg,-0.0357142857142857,0.4928571428571429
88_14.jpg,-0.0357142857142857,0.4928571428571429
88_15.jpg,-0.0357142857142857,0.4928571428571429
88_16.jpg,-0.0357142857142857,0.4928571428571429
88_17.jpg,-0.0714285714285714,0.5017857142857143
88_18.jpg,-0.008928571428571397,0.4928571428571429
88_19.jpg,-0.008928571428571397,0.4928571428571429
88_20.jpg,-0.008928571428571397,0.4928571428571429
89_1.jpg,-0.008928571428571397,0.4928571428571429
89_2.jpg,0.0803571428571428,0.4839285714285715
89_3.jpg,0.1785714285714286,0.4482142857142859
89_4.jpg,0.1785714285714286,0.4482142857142859
89_5.jpg,0.1696428571428572,0.4482142857142859
89_6.jpg,0.1696428571428572,0.4482142857142859
89_7.jpg,0.044642857142857206,0.5017857142857143
89_8.jpg,0.1339285714285714,0.4928571428571429
89_9.jpg,0.2410714285714286,0.4660714285714287
89_10.jpg,0.3482142857142858,0.4214285714285715
89_11.jpg,0.4196428571428572,0.3857142857142859
89_12.jpg,0.4017857142857142,0.3767857142857143
89_13.jpg,0.25,0.4214285714285715
89_14.jpg,0.1696428571428572,0.4482142857142859
89_15.jpg,0.1696428571428572,0.4482142857142859
89_16.jpg,0.25,0.4392857142857143
89_17.jpg,0.3035714285714286,0.4214285714285715
89_18.jpg,0.2053571428571428,0.4571428571428573
89_19.jpg,0.09821428571428581,0.4928571428571429
89_20.jpg,0.09821428571428581,0.4928571428571429
90_1.jpg,0.008928571428571397,0.5375000000000001
90_2.jpg,-0.1964285714285714,0.5464285714285715
90_3.jpg,-0.3482142857142857,0.5553571428571429
90_4.jpg,-0.5357142857142857,0.5732142857142859
90_5.jpg,-0.5267857142857143,0.5821428571428573
90_6.jpg,-0.2410714285714286,0.5375000000000001
90_7.jpg,0.0,0.4482142857142859
90_8.jpg,0.1071428571428572,0.4125000000000001
90_9.jpg,0.2946428571428572,0.3410714285714287
90_10.jpg,0.0803571428571428,0.3857142857142859
90_11.jpg,0.08928571428571419,0.3946428571428573
90_12.jpg,0.2589285714285714,0.3500000000000001
90_13.jpg,0.2678571428571428,0.3410714285714287
90_14.jpg,0.375,0.3053571428571429
90_15.jpg,0.4732142857142858,0.2696428571428573
90_16.jpg,0.4464285714285714,0.2875000000000001
90_17.jpg,0.1517857142857142,0.4928571428571429
90_18.jpg,0.1071428571428572,0.5285714285714287
90_19.jpg,0.0803571428571428,0.5285714285714287
90_20.jpg,0.0803571428571428,0.5285714285714287
91_1.jpg,0.0803571428571428,0.5285714285714287
91_2.jpg,0.3482142857142858,0.4214285714285715
91_3.jpg,0.4910714285714286,0.3589285714285715
91_4.jpg,0.3928571428571428,0.4035714285714287
91_5.jpg,0.2232142857142858,0.4928571428571429
91_6.jpg,-0.044642857142857095,0.5910714285714287
91_7.jpg,-0.0803571428571429,0.5910714285714287
91_8.jpg,0.044642857142857206,0.5464285714285715
91_9.jpg,0.03571428571428581,0.5464285714285715
91_10.jpg,-0.044642857142857095,0.5464285714285715
91_11.jpg,-0.044642857142857095,0.5464285714285715
91_12.jpg,-0.0535714285714286,0.5553571428571429
91_13.jpg,-0.0535714285714286,0.5553571428571429
91_14.jpg,-0.017857142857142905,0.5196428571428573
91_15.jpg,0.0625,0.3678571428571429
91_16.jpg,0.09821428571428581,0.2964285714285715
91_17.jpg,0.2678571428571428,0.24285714285714288
91_18.jpg,0.044642857142857206,0.4214285714285715
91_19.jpg,0.03571428571428581,0.4214285714285715
91_20.jpg,0.1964285714285714,0.4035714285714287
92_1.jpg,0.2053571428571428,0.4035714285714287
92_2.jpg,0.3392857142857142,0.3678571428571429
92_3.jpg,0.3482142857142858,0.3678571428571429
92_4.jpg,0.3035714285714286,0.3767857142857143
92_5.jpg,0.3482142857142858,0.3767857142857143
92_6.jpg,0.2321428571428572,0.4482142857142859
92_7.jpg,0.1785714285714286,0.4660714285714287
92_8.jpg,0.1964285714285714,0.4660714285714287
92_9.jpg,0.2232142857142858,0.4660714285714287
92_10.jpg,0.2767857142857142,0.4482142857142859
92_11.jpg,0.2857142857142858,0.4482142857142859
92_12.jpg,0.2857142857142858,0.4482142857142859
92_13.jpg,0.03571428571428581,0.5375000000000001
92_14.jpg,-0.0357142857142857,0.5464285714285715
92_15.jpg,-0.2410714285714286,0.5910714285714287
92_16.jpg,-0.2321428571428571,0.5821428571428573
92_17.jpg,-0.375,0.6089285714285715
92_18.jpg,-0.4107142857142857,0.617857142857143
92_19.jpg,-0.2142857142857143,0.4125000000000001
92_20.jpg,-0.0357142857142857,0.3053571428571429
93_1.jpg,0.1607142857142858,0.2875000000000001
93_2.jpg,0.08928571428571419,0.2875000000000001
93_3.jpg,0.1785714285714286,0.2696428571428573
93_4.jpg,0.09821428571428581,0.3053571428571429
93_5.jpg,0.1696428571428572,0.3053571428571429
93_6.jpg,0.3571428571428572,0.2607142857142859
93_7.jpg,0.3928571428571428,0.2517857142857143
93_8.jpg,0.3928571428571428,0.2517857142857143
93_9.jpg,0.3928571428571428,0.2517857142857143
93_10.jpg,0.09821428571428581,0.4214285714285715
93_11.jpg,0.1160714285714286,0.4035714285714287
93_12.jpg,0.0803571428571428,0.4125000000000001
93_13.jpg,0.0714285714285714,0.4214285714285715
93_14.jpg,0.0714285714285714,0.4214285714285715
93_15.jpg,0.2232142857142858,0.3857142857142859
93_16.jpg,0.375,0.3321428571428573
93_17.jpg,0.4553571428571428,0.2964285714285715
93_18.jpg,0.4553571428571428,0.2964285714285715
93_19.jpg,0.2410714285714286,0.4839285714285715
93_20.jpg,0.0803571428571428,0.5732142857142859
94_1.jpg,0.008928571428571397,0.4928571428571429
94_2.jpg,-0.044642857142857095,0.5017857142857143
94_3.jpg,-0.044642857142857095,0.5017857142857143
94_4.jpg,-0.0892857142857143,0.4839285714285715
94_5.jpg,-0.125,0.4660714285714287
94_6.jpg,-0.0267857142857143,0.4660714285714287
94_7.jpg,0.02678571428571419,0.4571428571428573
94_8.jpg,0.02678571428571419,0.4571428571428573
94_9.jpg,0.03571428571428581,0.4571428571428573
94_10.jpg,0.0625,0.4392857142857143
94_11.jpg,0.09821428571428581,0.4214285714285715
94_12.jpg,0.1964285714285714,0.3321428571428573
94_13.jpg,0.125,0.2875000000000001
94_14.jpg,0.08928571428571419,0.2696428571428573
94_15.jpg,0.125,0.3767857142857143
94_16.jpg,0.2232142857142858,0.4303571428571429
94_17.jpg,0.25,0.6000000000000001
94_18.jpg,0.25,0.6089285714285715
94_19.jpg,0.4285714285714286,0.5642857142857143
94_20.jpg,0.4553571428571428,0.5553571428571429
95_1.jpg,0.2857142857142858,0.617857142857143
95_2.jpg,0.1428571428571428,0.6357142857142858
95_3.jpg,0.3392857142857142,0.5821428571428573
95_4.jpg,0.4285714285714286,0.5464285714285715
95_5.jpg,0.2946428571428572,0.5732142857142859
95_6.jpg,0.2946428571428572,0.5732142857142859
95_7.jpg,0.09821428571428581,0.3767857142857143
95_8.jpg,-0.0267857142857143,0.2696428571428573
95_9.jpg,-0.2232142857142857,0.3500000000000001
95_10.jpg,-0.3035714285714286,0.3500000000000001
95_11.jpg,-0.4017857142857143,0.3410714285714287
95_12.jpg,-0.1785714285714286,0.3232142857142859
95_13.jpg,-0.0357142857142857,0.3142857142857143
95_14.jpg,-0.0357142857142857,0.3142857142857143
95_15.jpg,-0.0714285714285714,0.3053571428571429
95_16.jpg,0.09821428571428581,0.2607142857142859
95_17.jpg,-0.017857142857142905,0.2964285714285715
95_18.jpg,0.03571428571428581,0.3053571428571429
95_19.jpg,0.1160714285714286,0.2964285714285715
95_20.jpg,0.25,0.2517857142857143
96_1.jpg,0.25,0.2517857142857143
96_2.jpg,0.4196428571428572,0.18035714285714288
96_3.jpg,0.4821428571428572,0.1535714285714287
96_4.jpg,0.4821428571428572,0.1535714285714287
96_5.jpg,0.2232142857142858,0.3410714285714287
96_6.jpg,0.1160714285714286,0.3767857142857143
96_7.jpg,0.0714285714285714,0.3857142857142859
96_8.jpg,-0.0535714285714286,0.3857142857142859
96_9.jpg,-0.0535714285714286,0.3857142857142859
96_10.jpg,-0.017857142857142905,0.3857142857142859
96_11.jpg,0.3125,0.2875000000000001
96_12.jpg,0.5357142857142858,0.2071428571428573
96_13.jpg,0.5357142857142858,0.2071428571428573
96_14.jpg,0.4375,0.2607142857142859
96_15.jpg,0.2946428571428572,0.3142857142857143
96_16.jpg,0.125,0.4303571428571429
96_17.jpg,0.044642857142857206,0.4750000000000001
96_18.jpg,-0.1696428571428571,0.4839285714285715
96_19.jpg,-0.2232142857142857,0.5017857142857143
96_20.jpg,-0.1785714285714286,0.5017857142857143
97_1.jpg,0.044642857142857206,0.4125000000000001
97_2.jpg,0.03571428571428581,0.4125000000000001
97_3.jpg,0.044642857142857206,0.4125000000000001
97_4.jpg,0.08928571428571419,0.3767857142857143
97_5.jpg,0.1160714285714286,0.3857142857142859
97_6.jpg,-0.044642857142857095,0.4303571428571429
97_7.jpg,-0.044642857142857095,0.4303571428571429
97_8.jpg,-0.017857142857142905,0.4214285714285715
97_9.jpg,-0.017857142857142905,0.4214285714285715
97_10.jpg,0.2142857142857142,0.3678571428571429
97_11.jpg,0.2678571428571428,0.3500000000000001
97_12.jpg,0.1339285714285714,0.3500000000000001
97_13.jpg,0.02678571428571419,0.4303571428571429
97_14.jpg,0.008928571428571397,0.4392857142857143
97_15.jpg,0.1339285714285714,0.4303571428571429
97_16.jpg,0.3482142857142858,0.3946428571428573
97_17.jpg,0.4196428571428572,0.3678571428571429
97_18.jpg,0.375,0.3410714285714287
97_19.jpg,0.2767857142857142,0.4035714285714287
97_20.jpg,0.2589285714285714,0.4214285714285715
98_1.jpg,0.25,0.4214285714285715
98_2.jpg,0.25,0.4214285714285715
98_3.jpg,0.25,0.4214285714285715
98_4.jpg,0.2857142857142858,0.4214285714285715
98_5.jpg,0.2857142857142858,0.4214285714285715
98_6.jpg,0.2857142857142858,0.4214285714285715
98_7.jpg,0.1071428571428572,0.4660714285714287
98_8.jpg,-0.0714285714285714,0.4928571428571429
98_9.jpg,-0.1428571428571429,0.5017857142857143
98_10.jpg,-0.1607142857142857,0.4928571428571429
98_11.jpg,-0.3392857142857143,0.5017857142857143
98_12.jpg,-0.3482142857142857,0.5017857142857143
98_13.jpg,-0.1607142857142857,0.4482142857142859
98_14.jpg,-0.1607142857142857,0.4482142857142859
98_15.jpg,-0.0625,0.3678571428571429
98_16.jpg,0.125,0.3142857142857143
98_17.jpg,0.0535714285714286,0.3232142857142859
98_18.jpg,0.044642857142857206,0.3321428571428573
98_19.jpg,0.1160714285714286,0.3142857142857143
98_20.jpg,0.2142857142857142,0.3053571428571429
99_1.jpg,0.3303571428571428,0.2875000000000001
99_2.jpg,0.3928571428571428,0.2696428571428573
99_3.jpg,0.4821428571428572,0.24285714285714288
99_4.jpg,0.4821428571428572,0.2517857142857143
99_5.jpg,0.3392857142857142,0.3678571428571429
99_6.jpg,0.02678571428571419,0.4482142857142859
99_7.jpg,0.017857142857142794,0.4482142857142859
99_8.jpg,0.017857142857142794,0.4482142857142859
99_9.jpg,0.017857142857142794,0.4482142857142859
99_10.jpg,0.0803571428571428,0.4392857142857143
99_11.jpg,0.3392857142857142,0.3500000000000001
99_12.jpg,0.4285714285714286,0.3142857142857143
99_13.jpg,0.4732142857142858,0.3053571428571429
99_14.jpg,0.375,0.3500000000000001
99_15.jpg,0.0714285714285714,0.4303571428571429
99_16.jpg,-0.0803571428571429,0.4750000000000001
99_17.jpg,0.017857142857142794,0.4303571428571429
99_18.jpg,-0.017857142857142905,0.4303571428571429
99_19.jpg,-0.0892857142857143,0.4482142857142859
99_20.jpg,0.02678571428571419,0.4303571428571429
100_1.jpg,-0.0267857142857143,0.4303571428571429
100_2.jpg,-0.0714285714285714,0.4392857142857143
100_3.jpg,0.02678571428571419,0.4214285714285715
100_4.jpg,0.03571428571428581,0.4214285714285715
100_5.jpg,0.09821428571428581,0.4035714285714287
100_6.jpg,0.0535714285714286,0.4125000000000001
100_7.jpg,0.017857142857142794,0.4214285714285715
100_8.jpg,0.0,0.4214285714285715
100_9.jpg,0.0,0.4214285714285715
100_10.jpg,0.1964285714285714,0.3678571428571429
100_11.jpg,0.3482142857142858,0.3232142857142859
100_12.jpg,0.3482142857142858,0.3232142857142859
100_13.jpg,0.1428571428571428,0.3946428571428573
100_14.jpg,0.125,0.4035714285714287
100_15.jpg,0.2767857142857142,0.3589285714285715
100_16.jpg,0.3125,0.3500000000000001
100_17.jpg,0.3214285714285714,0.3410714285714287
100_18.jpg,0.1071428571428572,0.3946428571428573
100_19.jpg,0.2321428571428572,0.3767857142857143
100_20.jpg,0.3392857142857142,0.3500000000000001
101_1.jpg,0.2232142857142858,0.3857142857142859
101_2.jpg,0.1696428571428572,0.3946428571428573
101_3.jpg,0.3571428571428572,0.3500000000000001
101_4.jpg,0.3303571428571428,0.3589285714285715
